CREATE DATABASE pokedex;

USE pokedex;

CREATE TABLE entrenadores(
	id int PRIMARY KEY AUTO_INCREMENT,
    nombre varchar(200) not null unique,
    contraseña varchar(500) not null
);

CREATE TABLE tipos(
	id int PRIMARY KEY,
    tipo varchar(50)
);

CREATE TABLE pokemon(
	id int PRIMARY KEY,
    nombre varchar(200),
	tipo_1 int,
    tipo_2 int,
    url_imagen varchar(7000),
    descripcion varchar(2000),
    legendario tinyint not null,
    FOREIGN KEY (tipo_1) REFERENCES tipos(id),
    FOREIGN KEY (tipo_2) REFERENCES tipos(id)
);

CREATE TABLE plantillas(
	id_entrenador int PRIMARY KEY,
    slot1 int,
    slot2 int,
    slot3 int,
    slot4 int,
    slot5 int,
    slot6 int,
    FOREIGN KEY (id_entrenador) REFERENCES entrenadores(id),
    FOREIGN KEY (slot1) REFERENCES pokemon(id),
    FOREIGN KEY (slot2) REFERENCES pokemon(id),
    FOREIGN KEY (slot3) REFERENCES pokemon(id),
    FOREIGN KEY (slot4) REFERENCES pokemon(id),
    FOREIGN KEY (slot5) REFERENCES pokemon(id),
    FOREIGN KEY (slot6) REFERENCES pokemon(id)
);

CREATE TABLE stats(
	id_pokemon int PRIMARY KEY,
    PS int,
    ATK int,
    DEF int,
    VEL int,
    ATK_ESP int,
    DEF_ESP int,
    FOREIGN KEY (id_pokemon) REFERENCES pokemon(id)
);

INSERT INTO tipos VALUES (1, "Acero"), (2, "Agua"), (3, "Bicho"), (4, "Dragón"), (5, "Eléctrico"), (6, "Fantasma"), (7, "Fuego"), (8, "Hada"), (9, "Hielo"), (10, "Lucha"), (11, "Normal"), (12, "Planta"), (13, "Psíquico"), (14, "Roca"), (15, "Siniestro"), (16, "Tierra"), (17, "Veneno"), (18, "Volador");

INSERT INTO `pokemon`(`id`, `nombre`, `tipo_1`, `tipo_2`, `url_imagen`, `descripcion`, `legendario`) VALUES 
('1','Bulbasaur', 12, 17,'https://raw.githubusercontent.com/PokeAPI/sprites/master/sprites/pokemon/1.png','A Bulbasaur es fácil verle echándose una siesta al sol. La semilla que tiene en el lomo va creciendo cada vez más a medida que absorbe los rayos del sol.', 0),
('2','Ivysaur', 12, 17,'https://raw.githubusercontent.com/PokeAPI/sprites/master/sprites/pokemon/2.png','Este Pokémon lleva un bulbo en el lomo y, para poder con su peso, tiene unas patas y un tronco gruesos y fuertes. Si empieza a pasar más tiempo al sol, será porque el bulbo está a punto de hacerse una flor grande.', 0),
('3','Venusaur', 12, 17, 'https://raw.githubusercontent.com/PokeAPI/sprites/master/sprites/pokemon/3.png', 'Venusaur tiene una flor enorme en el lomo que, según parece, adquiere unos colores muy vivos si está bien nutrido y le da mucho el sol. El aroma delicado de la flor tiene un efecto relajante en el ánimo de las personas.', 0),
('4','Charmander', 7, null, 'https://raw.githubusercontent.com/PokeAPI/sprites/master/sprites/pokemon/4.png', 'La llama que tiene en la punta de la cola arde según sus sentimientos. Llamea levemente cuando está alegre y arde vigorosamente cuando está enfadado.', 0),
('5','Charmeleon', 7, null, 'https://raw.githubusercontent.com/PokeAPI/sprites/master/sprites/pokemon/5.png', 'Charmeleon no tiene reparo en acabar con su rival usando las afiladas garras que tiene. Si su enemigo es fuerte, se vuelve agresivo, y la llama que tiene en el extremo de la cola empieza a arder con mayor intensidad tornándose azulada.', 0),
('6','Charizard', 7, 18, 'https://raw.githubusercontent.com/PokeAPI/sprites/master/sprites/pokemon/6.png', 'Charizard se dedica a volar por los cielos en busca de oponentes fuertes. Echa fuego por la boca y es capaz de derretir cualquier cosa. No obstante, si su rival es más débil que él, no usará este ataque.', 0),
('7','Squirtle', 2, null, 'https://raw.githubusercontent.com/PokeAPI/sprites/master/sprites/pokemon/7.png', 'El caparazón de Squirtle no le sirve de protección únicamente. Su forma redondeada y las hendiduras que tiene le ayudan a reducir su resistencia al agua y le permiten nadar a gran velocidad.', 0),
('8','Wartortle', 2, null, 'https://raw.githubusercontent.com/PokeAPI/sprites/master/sprites/pokemon/8.png', 'Tiene una cola larga y cubierta de un pelo abundante y grueso que se torna más oscuro a medida que crece. Los arañazos que tiene en el caparazón dan fe de lo buen guerrero que es.', 0),
('9','Blastoise', 2, null, 'https://raw.githubusercontent.com/PokeAPI/sprites/master/sprites/pokemon/9.png', 'Blastoise lanza chorros de agua por los tubos que le salen del caparazón que tiene en la espalda, con gran precisión. Puede disparar chorros de agua con tanta puntería que no fallaría al tirar contra una lata pequeña a 50 metros.', 0),
('10', 'Caterpie', 3, null, 'https://raw.githubusercontent.com/PokeAPI/sprites/master/sprites/pokemon/10.png', 'Caterpie tiene un apetito voraz. Es capaz de devorar hojas que superen su tamaño en un abrir y cerrar de ojos. Atención a la antena que tiene: libera un hedor realmente fuerte.', 0),
('11', 'Metapod', 3, null, 'https://raw.githubusercontent.com/PokeAPI/sprites/master/sprites/pokemon/11.png', 'La capa que recubre el cuerpo de este Pokémon es tan dura como una plancha de hierro. Metapod apenas se mueve. Permanece inmóvil para que las vísceras evolucionen dentro de la coraza que le rodea.', 0),
('12', 'Butterfree', 3, 18, 'https://raw.githubusercontent.com/PokeAPI/sprites/master/sprites/pokemon/12.png', 'Butterfree tiene una habilidad especial para encontrar delicioso polen en las flores. Puede localizar, extraer y transportar polen de flores que estén floreciendo a 10 km de distancia de su nido.', 0),
('13', 'Weedle', 3, 17, 'https://raw.githubusercontent.com/PokeAPI/sprites/master/sprites/pokemon/13.png', 'Weedle tiene un finísimo sentido del olfato. Es capaz de distinguir las hojas que le gustan de las que no le gustan olisqueando un poco con la gran nariz que tiene.', 0),
('14', 'Kakuna', 3, 17, 'https://raw.githubusercontent.com/PokeAPI/sprites/master/sprites/pokemon/14.png', 'Kakuna permanece prácticamente inmóvil al encaramarse a los árboles. Aunque la actividad interna de su organismo tiene un ritmo frenético, pues se prepara para su evolución. Prueba de esto es la alta temperatura de la piel.', 0),
('15', 'Beedrill', 3, 17, 'https://raw.githubusercontent.com/PokeAPI/sprites/master/sprites/pokemon/15.png', 'Los Beedrill defienden su territorio a toda costa. No es conveniente acercarse a su colmena, por seguridad. Si se les molesta, todo un enjambre atacará ferozmente.', 0),
('16', 'Pidgey', 11, 18, 'https://raw.githubusercontent.com/PokeAPI/sprites/master/sprites/pokemon/16.png', 'Pidgey tiene un sentido de la orientación muy desarrollado. Es capaz de regresar a su nido, por lejos que se encuentre de las zonas que le resultan familiares.', 0),
('17', 'Pidgeotto', 11, 18, 'https://raw.githubusercontent.com/PokeAPI/sprites/master/sprites/pokemon/17.png', 'Pidgeotto se apodera de una zona muy vasta como su territorio y la sobrevuela para controlarla. Si alguien invade su espacio vital, no tendrá ningún reparo en castigarlo con sus afiladas garras.', 0),
('18', 'Pidgeot', 11, 18, 'https://raw.githubusercontent.com/PokeAPI/sprites/master/sprites/pokemon/18.png', 'El plumaje de este Pokémon es bonito e hipnótico. Muchos Entrenadores se quedan embobados ante la belleza impactante de las plumas que tiene en la cabeza; lo que les lleva a elegir a Pidgeot como su Pokémon.', 0),
('19', 'Rattata', 11, null, 'https://raw.githubusercontent.com/PokeAPI/sprites/master/sprites/pokemon/19.png', 'Rattata es cauto como él solo. Hasta cuando duerme mueve las orejas para oír todos los ruidos. No es nada delicado a la hora de elegir su hábitat. Cualquier sitio es bueno para cavar su madriguera.', 0),
('20', 'Raticate', 11, null, 'https://raw.githubusercontent.com/PokeAPI/sprites/master/sprites/pokemon/20.png', 'A Raticate le crecen los colmillos firmes y fuertes. Para mantenerlos afilados roe rocas y troncos, e incluso las paredes de las casas.', 0),
('21', 'Spearow', 11, 18, 'https://raw.githubusercontent.com/PokeAPI/sprites/master/sprites/pokemon/21.png', 'Spearow pía con tanta fuerza que se le puede oír a 1 km de distancia. Si al agudo chillido sigue una especie de eco, estaremos oyendo la respuesta de otros Spearow que contestan ante el aviso de peligro.', 0),
('22', 'Fearow', 11, 18, 'https://raw.githubusercontent.com/PokeAPI/sprites/master/sprites/pokemon/22.png', 'A Fearow se le reconoce por tener un pescuezo y un pico largo que le permiten cazar en tierra y en el agua. Tiene una gran habilidad moviendo el fino pico para atrapar a sus presas.', 0),
('23', 'Ekans', 17, null, 'https://raw.githubusercontent.com/PokeAPI/sprites/master/sprites/pokemon/23.png', 'Ekans se enrosca para descansar. Adoptando esta posición puede responder rápidamente a cualquier amenaza que le aceche desde cualquier lugar, levantando la cabeza con una feroz mirada.', 0),
('24', 'Arbok', 17, null, 'https://raw.githubusercontent.com/PokeAPI/sprites/master/sprites/pokemon/24.png', 'Este Pokémon es tremendamente fuerte, puede oprimir cualquier cosa con su cuerpo y hasta es capaz de estrujar un barril de acero. Una vez que Arbok se enrosca a su víctima, no hay forma de escapar de su asfixiante abrazo.', 0),
('25', 'Pikachu', 5, null, 'https://raw.githubusercontent.com/PokeAPI/sprites/master/sprites/pokemon/25.png', 'Cada vez que Pikachu se encuentra con algo nuevo, le lanza una sacudida eléctrica. Si ves alguna Baya chamuscada, seguro que ha sido Pikachu; a veces no controla la intensidad de la descarga.', 0),
('26', 'Raichu', 5, null, 'https://raw.githubusercontent.com/PokeAPI/sprites/master/sprites/pokemon/26.png', 'Si las bolsas de los mofletes se le cargan demasiado, Raichu planta la cola en el suelo para liberar electricidad. Es común encontrar zonas chamuscadas cerca de la madriguera de este Pokémon.', 0),
('27', 'Sandshrew', 16, null, 'https://raw.githubusercontent.com/PokeAPI/sprites/master/sprites/pokemon/27.png', 'Sandshrew es capaz de absorber agua y no perder ni una gota, algo que le permite sobrevivir en el desierto. Este Pokémon se enrosca para defenderse de los enemigos.', 0),
('28', 'Sandslash', 16, null, 'https://raw.githubusercontent.com/PokeAPI/sprites/master/sprites/pokemon/28.png', 'Sandslash está recubierto de duras púas que son partes endurecidas de la piel. Suele mudarlas una vez al año; debajo de las viejas púas crecen unas nuevas que las sustituyen.', 0),
('29', 'Nidoran♀', 17, null, 'https://raw.githubusercontent.com/PokeAPI/sprites/master/sprites/pokemon/29.png', 'Nidoran tiene púas que segregan un veneno muy potente. Se piensa que las desarrolló como protección del cuerpo tan pequeño que tiene. Cuando se enfada, libera una horrible sustancia tóxica por el cuerno.', 0),
('30', 'Nidorina', 17, null, 'https://raw.githubusercontent.com/PokeAPI/sprites/master/sprites/pokemon/30.png', 'Cuando los Nidorina están en familia o con sus amigos, esconden las púas para evitar herirse unos a otros. Según parece, si se les separa de su grupo, se ponen muy nerviosos.', 0),
('31', 'Nidoqueen', 17, 16, 'https://raw.githubusercontent.com/PokeAPI/sprites/master/sprites/pokemon/31.png', 'Nidoqueen tiene el cuerpo totalmente recubierto de escamas durísimas. Suele lanzar por los aires a sus rivales de los violentos golpes que les propina. Cuando se trata de defender a sus crías, alcanza su nivel máximo de fuerza.', 0),
('32', 'Nidoran♂', 17, null, 'https://raw.githubusercontent.com/PokeAPI/sprites/master/sprites/pokemon/32.png', 'El Nidoran macho ha desarrollado músculos para mover las orejas y orientarlas en cualquier dirección. De este modo, es capaz de captar hasta el sonido más leve.', 0),
('33', 'Nidorino', 17, null, 'https://raw.githubusercontent.com/PokeAPI/sprites/master/sprites/pokemon/33.png', 'Nidorino tiene un cuerno de dureza superior a la del diamante. Si siente una presencia hostil, se le erizan las púas del lomo enseguida y desafía al enemigo con todas sus fuerzas.', 0),
('34', 'Nidoking', 17, 16, 'https://raw.githubusercontent.com/PokeAPI/sprites/master/sprites/pokemon/34.png', 'La gruesa cola de Nidoking encierra una fuerza realmente destructora. Con una vez que la agite, es capaz de tumbar una torre metálica de transmisión. Una vez que este Pokémon se desboca, no hay quien lo pare.', 0),
('35', 'Clefairy', 8, null, 'https://raw.githubusercontent.com/PokeAPI/sprites/master/sprites/pokemon/35.png', 'Siempre que hay luna llena, salen en grupo para jugar. Al amanecer, los Clefairy, agotados, regresan a sus refugios de montaña para dormir acurrucados unos con otros.', 0),
('36', 'Clefable', 8, null, 'https://raw.githubusercontent.com/PokeAPI/sprites/master/sprites/pokemon/36.png', 'Clefable se mueve dando saltitos como si fuera haciendo uso de las alas. Estos pequeños brincos le permiten caminar por el agua. De todos es sabido que le encanta darse paseos por los lagos en tranquilas noches de luna llena.', 0),
('37', 'Vulpix', 7, null, 'https://raw.githubusercontent.com/PokeAPI/sprites/master/sprites/pokemon/37.png', 'Al nacer, Vulpix tiene una cola blanca que se divide en seis si recibe cariño por parte de su Entrenador. Las seis colas se le rizan de forma majestuosa.', 0),
('38', 'Ninetales', 7, null, 'https://raw.githubusercontent.com/PokeAPI/sprites/master/sprites/pokemon/38.png', 'Ninetales emite una siniestra luz a través de los brillantes ojos rojos que tiene, para conseguir controlar del todo la mente de su rival. Dicen que este Pokémon llega a vivir miles de años.', 0),
('39', 'Jigglypuff', 11, 8, 'https://raw.githubusercontent.com/PokeAPI/sprites/master/sprites/pokemon/39.png', 'Jigglypuff tiene unas cuerdas vocales que ajustan sin problema la longitud de onda de su voz. Este Pokémon usa la habilidad que tiene para cantar con la longitud de onda necesaria para adormecer a su rival.', 0),
('40', 'Wigglytuff', 11, 8, 'https://raw.githubusercontent.com/PokeAPI/sprites/master/sprites/pokemon/40.png', 'Wigglytuff tiene unos ojos enormes con forma de platillo, que siempre están cubiertos de lágrimas. Si se le metiera algo en el ojo, enseguida se le saldría solo.', 0),
('41', 'Zubat', 17, 18, 'https://raw.githubusercontent.com/PokeAPI/sprites/master/sprites/pokemon/41.png', 'Durante el día, Zubat permanece inmóvil y a oscuras. Si este Pokémon pasara mucho tiempo expuesto al sol, correría el peligro de sufrir quemaduras.', 0),
('42', 'Golbat', 17, 18, 'https://raw.githubusercontent.com/PokeAPI/sprites/master/sprites/pokemon/42.png', 'A Golbat le encanta chuparle la sangre a los seres vivos. Este Pokémon es más activo en la oscuridad de la noche. Es al caer la noche cuando sale a revolotear y a buscar sangre fresca.', 0),
('43', 'Oddish', 12, 17, 'https://raw.githubusercontent.com/PokeAPI/sprites/master/sprites/pokemon/43.png', 'Durante el día, Oddish se entierra en el suelo para absorber nutrientes valiéndose de todo el cuerpo. Cuanto más fértil sea el suelo, mayor brillo tendrá en las hojas.', 0),
('44', 'Gloom', 12, 17, 'https://raw.githubusercontent.com/PokeAPI/sprites/master/sprites/pokemon/44.png', 'Gloom libera un fétido olor por los pistilos de la flor. Cuando está en peligro, el hedor se intensifica. Si este Pokémon está tranquilo y no se siente amenazado, no libera el desagradable olor.', 0),
('45', 'Vileplume', 12, 17, 'https://raw.githubusercontent.com/PokeAPI/sprites/master/sprites/pokemon/45.png', 'El polen que contienen las esporas tóxicas de Vileplume causan unos ataques de alergia muy agudos. Por eso, no es aconsejable acercarse a ninguna flor que resulte atractiva, por muy bonita que sea.', 0),
('46', 'Paras', 3, 12, 'https://raw.githubusercontent.com/PokeAPI/sprites/master/sprites/pokemon/46.png', 'Paras lleva dos setas parásitas a cuestas llamadas tochukaso. Éstas crecen alimentándose de los nutrientes de este Pokémon de tipo Bicho/Planta que les sirve de huésped. Las setas se usan como elixir de vida.', 0),
('47', 'Parasect', 3, 12, 'https://raw.githubusercontent.com/PokeAPI/sprites/master/sprites/pokemon/47.png', 'Parasect es conocido por destruir en plaga grandes árboles, absorbiendo los nutrientes que tienen en la parte baja del tronco y las raíces. Cuando un árbol azotado por la plaga muere, los Parasect van a por el siguiente al instante.', 0),
('48', 'Venonat', 3, 17, 'https://raw.githubusercontent.com/PokeAPI/sprites/master/sprites/pokemon/48.png', 'Dicen que Venonat evolucionó con una fina capa de espeso pelo que le cubría todo el cuerpo a modo de protección. Tiene unos ojos tan grandes que no hay presa que le pase desapercibida.', 0),
('49', 'Venomoth', 3, 17, 'https://raw.githubusercontent.com/PokeAPI/sprites/master/sprites/pokemon/49.png', 'Venomoth es nocturno, sólo actúa en la oscuridad. Su alimento preferido son los pequeños insectos que se concentran cerca de los focos de luz en la oscuridad de la noche.', 0),
('50', 'Diglett', 16, null, 'https://raw.githubusercontent.com/PokeAPI/sprites/master/sprites/pokemon/50.png', 'En la mayoría de las granjas suelen criar Diglett por la sencilla razón de que, caven donde caven, dejan la tierra perfectamente labrada para sembrar. El terreno queda listo para plantar ricas verduras.', 0),
('51', 'Dugtrio', 16, null, 'https://raw.githubusercontent.com/PokeAPI/sprites/master/sprites/pokemon/51.png', 'Los Dugtrio son trillizos que salieron de un mismo cuerpo, por eso piensan de la misma forma. A la hora de cavar, trabajan en equipo y sin descanso.', 0),
('52', 'Meowth', 11, null, 'https://raw.githubusercontent.com/PokeAPI/sprites/master/sprites/pokemon/52.png', 'Meowth saca las afiladas uñas de las zarpas para caminar a hurtadillas, dando sigilosos pasos para pasar inadvertido. No se sabe muy bien por qué, pero este Pokémon adora las monedas brillantes que resplandecen con la luz.', 0),
('53', 'Persian', 11, null, 'https://raw.githubusercontent.com/PokeAPI/sprites/master/sprites/pokemon/53.png', 'Persian tiene seis llamativos bigotes que le dan un aspecto feroz. Además, le sirven para detectar el movimiento del aire, delator de la presencia cercana de algún Pokémon. Si se le agarra por los bigotes, se vuelve dócil.', 0),
('54', 'Psyduck', 2, null, 'https://raw.githubusercontent.com/PokeAPI/sprites/master/sprites/pokemon/54.png', 'Psyduck tiene un extraño poder, que consiste en generar ondas cerebrales iguales a las que se generan cuando se está dormido. Este descubrimiento levantó una gran polémica entre eruditos.', 0),
('55', 'Golduck', 2, null, 'https://raw.githubusercontent.com/PokeAPI/sprites/master/sprites/pokemon/55.png', 'Golduck alcanza una velocidad de vértigo gracias a las aletas palmípedas de las extremidades y a la forma aerodinámica de su cuerpo. Realmente, la velocidad de este Pokémon supera la de cualquier nadador.', 0),
('56', 'Mankey', 10, null, 'https://raw.githubusercontent.com/PokeAPI/sprites/master/sprites/pokemon/56.png', 'Cuando Mankey empieza a temblar y a respirar con más intensidad, seguro que va a enfadarse. Aunque prever su enfado no sirve de nada porque alcanza un estado de rabia tan rápido que no hay escapatoria.', 0),
('57', 'Primeape', 10, null, 'https://raw.githubusercontent.com/PokeAPI/sprites/master/sprites/pokemon/57.png', 'Cuando Primeape se enfada, se le acelera el ritmo cardíaco y se le fortalecen los músculos. Con todo, pierde en inteligencia.', 0),
('58', 'Growlithe', 7, null, 'https://raw.githubusercontent.com/PokeAPI/sprites/master/sprites/pokemon/58.png', 'Growlithe tiene un sentido del olfato excepcional y una memoria sensitiva tremenda, nunca olvida una esencia. Este Pokémon saca provecho de este don para identificar las sensaciones que tienen otros seres vivos.', 0),
('59', 'Arcanine', 7, null, 'https://raw.githubusercontent.com/PokeAPI/sprites/master/sprites/pokemon/59.png', 'Arcanine es conocido por lo veloz que es. Dicen que es capaz de correr 10.000 kilómetros en 24 horas. El fuego que arde con vigor en el interior de este Pokémon constituye su fuente de energía.', 0),
('60', 'Poliwag', 2, null, 'https://raw.githubusercontent.com/PokeAPI/sprites/master/sprites/pokemon/60.png', 'Poliwag tiene una piel muy fina. Tanto que es posible entrever a través de la misma las vísceras en espiral que tiene. La piel, aunque fina, tiene la ventaja de ser flexible y hacer rebotar más de un zarpazo.', 0),
('61', 'Poliwhirl', 2, null, 'https://raw.githubusercontent.com/PokeAPI/sprites/master/sprites/pokemon/61.png', 'La piel de Poliwhirl está siempre húmeda y lubricada con un fluido aceitoso. Gracias a esta película grasa, puede escapar de las garras del enemigo, resbalándose de las zarpas en pleno combate.', 0),
('62', 'Poliwrath', 2, 10, 'https://raw.githubusercontent.com/PokeAPI/sprites/master/sprites/pokemon/62.png', 'Poliwrath tiene unos músculos fornidos y muy desarrollados, que nunca se cansan por más que los use. Es tan fuerte e incansable que cruzarse el océano Pacífico un par de veces no le supone ningún esfuerzo.', 0),
('63', 'Abra', 13, null, 'https://raw.githubusercontent.com/PokeAPI/sprites/master/sprites/pokemon/63.png', 'Abra duerme 18 horas al día, pero puede detectar a cualquier enemigo que se le acerque mientras duerme. En una situación así, usa Teletransporte para protegerse.', 0),
('64', 'Kadabra', 13, null, 'https://raw.githubusercontent.com/PokeAPI/sprites/master/sprites/pokemon/64.png', 'Kadabra emite unas ondas alfa muy particulares cuando le duele la cabeza. Sólo aquellos que tengan gran poder mental podrán optar a ser Entrenador de este Pokémon.', 0),
('65', 'Alakazam', 13, null, 'https://raw.githubusercontent.com/PokeAPI/sprites/master/sprites/pokemon/65.png', 'El cerebro de Alakazam nunca deja de crecer y por eso al cuello le cuesta sostener el peso de la cabeza. Este Pokémon usa sus poderes psicoquinéticos para mantener en alto la cabeza.', 0),
('66', 'Machop', 10, null, 'https://raw.githubusercontent.com/PokeAPI/sprites/master/sprites/pokemon/66.png', 'Machop tiene una musculatura especial que nunca se agota por mucho que la use. Este Pokémon es tan fuerte que puede derrotar a cien personas adultas de una sola vez.', 0),
('67', 'Machoke', 10, null, 'https://raw.githubusercontent.com/PokeAPI/sprites/master/sprites/pokemon/67.png', 'Los entrenados músculos de Machoke son tan fuertes como el acero. Este Pokémon es tan fuerte que puede levantar con un solo dedo a un luchador de sumo.', 0),
('68', 'Machamp', 10, null, 'https://raw.githubusercontent.com/PokeAPI/sprites/master/sprites/pokemon/68.png', 'Machamp es tan fuerte que puede derribar lo que quiera. Sin embargo, cuando tiene que realizar una tarea que requiere delicadeza y destreza, se le enredan los brazos. Este Pokémon pasa a la acción sin pensar.', 0),
('69', 'Bellsprout', 12, 17, 'https://raw.githubusercontent.com/PokeAPI/sprites/master/sprites/pokemon/69.png', 'Bellsprout tiene un cuerpo delgado y flexible que le permite inclinarse y balancearse para esquivar los ataques. Este Pokémon escupe por la boca un fluido corrosivo capaz de hacer que se derrita hasta el hierro.', 0),
('70', 'Weepinbell', 12, 17, 'https://raw.githubusercontent.com/PokeAPI/sprites/master/sprites/pokemon/70.png', 'Weepinbell tiene un gancho a modo de extremidad superior trasera, que usa por la noche para colgarse de una rama y echarse a dormir. Si se mueve mientras duerme, puede acabar en el suelo.', 0),
('71', 'Victreebel', 12, 17, 'https://raw.githubusercontent.com/PokeAPI/sprites/master/sprites/pokemon/71.png', 'Victreebel tiene una enredadera que le sale de la cabeza. Cuando la agita y colea, recuerda a un animal que está a punto de atacar a su presa. Como se le acerque un rival, se lo tragará entero.', 0),
('72', 'Tentacool', 2, 17, 'https://raw.githubusercontent.com/PokeAPI/sprites/master/sprites/pokemon/72.png', 'Tentacool está compuesto en su mayor parte por agua. Si lo sacas del mar, se secará y se quedará acartonado. Si este Pokémon se deshidrata, hay que ponerlo inmediatamente de vuelta en el mar.', 0),
('73', 'Tentacruel', 2, 17, 'https://raw.githubusercontent.com/PokeAPI/sprites/master/sprites/pokemon/73.png', 'Tentacruel tiene unas enormes esferas rojas en la cabeza, que brillan antes de lanzar una descarga ultrasónica a lo que le rodea. Este estallido crea unas olas tremendas a su alrededor.', 0),
('74', 'Geodude', 14, 16, 'https://raw.githubusercontent.com/PokeAPI/sprites/master/sprites/pokemon/74.png', 'Cuanto más larga es la vida de Geodude, mayor es el desgaste y la erosión que sufre, y más redondeada la forma que va adquiriendo. Sin embargo, el corazón permanece siempre duro, rocoso y tosco.', 0),
('75', 'Graveler', 14, 16, 'https://raw.githubusercontent.com/PokeAPI/sprites/master/sprites/pokemon/75.png', 'Graveler crece alimentándose a base de piedras. Y, según parece, las prefiere cubiertas de musgo. Cada día se abre camino comiéndose toneladas de rocas.', 0),
('76', 'Golem', 14, 16, 'https://raw.githubusercontent.com/PokeAPI/sprites/master/sprites/pokemon/76.png', 'Golem vive en las montañas. Si se produce un gran terremoto, estos Pokémon descienden rodando en masa por las laderas.', 0),
('77', 'Ponyta', 7, null, 'https://raw.githubusercontent.com/PokeAPI/sprites/master/sprites/pokemon/77.png', 'Al nacer, Ponyta es muy débil y apenas puede ponerse en pie. Con todo, se va haciendo más fuerte al tropezarse y caerse en su intento por seguir a sus progenitores.', 0),
('78', 'Rapidash', 7, null, 'https://raw.githubusercontent.com/PokeAPI/sprites/master/sprites/pokemon/78.png', 'A Rapidash se le suele ver trotando sin rumbo fijo por los campos y llanos. Pero cuando tiene que ir a algún sitio en concreto, se le aviva el fuego de las melenas y emprende el galope llameante llegando a 240 km por hora.', 0),
('79', 'Slowpoke', 2, 13, 'https://raw.githubusercontent.com/PokeAPI/sprites/master/sprites/pokemon/79.png', 'Slowpoke usa la cola para atrapar a sus presas metiéndolas bajo el agua en las riberas de los ríos. Con todo, es olvidadizo, se le puede pasar lo que estaba haciendo y quedarse días enteros holgazaneando en la orilla.', 0),
('80', 'Slowbro', 2, 13, 'https://raw.githubusercontent.com/PokeAPI/sprites/master/sprites/pokemon/80.png', 'Slowbro lleva en la cola un Shellder enganchado, sujeto por los dientes. Como Slowbro no puede usar la cola para pescar, se mete en el agua de mala gana en busca de sus presas.', 0),
('81', 'Magnemite', 5, 1, 'https://raw.githubusercontent.com/PokeAPI/sprites/master/sprites/pokemon/81.png', 'Magnemite se engancha a las líneas de tensión para nutrirse de electricidad. Si se produce un apagón en tu casa, mira el automático, no vaya a ser que haya un montón de estos Pokémon colgados de la caja de fusibles.', 0),
('82', 'Magneton', 5, 1, 'https://raw.githubusercontent.com/PokeAPI/sprites/master/sprites/pokemon/82.png', 'Magneton emite una fuerte energía magnética que causa estragos en los instrumentos mecánicos. Por ello, en las ciudades se avisa con sirenas cuando hay concentraciones de estos Pokémon.', 0),
('83', 'Farfetch′d', 11, 18, 'https://raw.githubusercontent.com/PokeAPI/sprites/master/sprites/pokemon/83.png', 'Farfetch′d lleva siempre una especie de palo de algún tipo de planta. Según parece, los hay mejores y peores. Tiene fama de haber luchado contra otros Pokémon con distintos palos.', 0),
('84', 'Doduo', 11, 18, 'https://raw.githubusercontent.com/PokeAPI/sprites/master/sprites/pokemon/84.png', 'Las dos cabezas de Doduo duermen de forma independiente, siempre por turnos. Así que mientras una duerme, la otra hace de centinela por si aparecen enemigos.', 0),
('85', 'Dodrio', 11, 18, 'https://raw.githubusercontent.com/PokeAPI/sprites/master/sprites/pokemon/85.png', 'Hay que tener cuidado cuando las tres cabezas de Dodrio miran cada una para un lado, pues están en guardia. No te acerques a este Pokémon cuando está vigilando porque puede darte un picotazo.', 0),
('86', 'Seel', 2, null, 'https://raw.githubusercontent.com/PokeAPI/sprites/master/sprites/pokemon/86.png', 'Seel busca a sus presas en aguas heladas, bajo las capas de hielo. Cuando necesita respirar, abre un agujerito en el hielo con la afilada protuberancia que tiene encima de la cabeza.', 0),
('87', 'Dewgong', 2, 9, 'https://raw.githubusercontent.com/PokeAPI/sprites/master/sprites/pokemon/87.png', 'A Dewgong le encanta dormitar sobre la frialdad del hielo. En una ocasión, algún marinero lo confundió con una sirena al verlo dormido sobre un glaciar.', 0),
('88', 'Grimer', 17, null, 'https://raw.githubusercontent.com/PokeAPI/sprites/master/sprites/pokemon/88.png', 'El elástico cuerpo de lodo de Grimer le permite colarse por cualquier orificio, sea del tamaño que sea. Este Pokémon entra en los bajantes de las cloacas para beberse el agua sucia.', 0),
('89', 'Muk', 17, null, 'https://raw.githubusercontent.com/PokeAPI/sprites/master/sprites/pokemon/89.png', 'Muk emana por todo el cuerpo un fluido maloliente que obliga a taparse la nariz. Con sólo una gota de la sustancia que exuda este Pokémon, se podría contaminar un estanque.', 0),
('90', 'Shellder', 2, null, 'https://raw.githubusercontent.com/PokeAPI/sprites/master/sprites/pokemon/90.png', 'Por la noche, este Pokémon usa la ancha lengua que tiene para hacer un agujero en el fondo del mar y echarse a dormir. Mientras duerme, Shellder cierra la concha, pero deja la lengua por fuera.', 0),
('91', 'Cloyster', 2, 9, 'https://raw.githubusercontent.com/PokeAPI/sprites/master/sprites/pokemon/91.png', 'Cloyster es capaz de nadar por el mar. Su técnica consiste en tragar agua y expulsarla por el conducto que tiene en la parte trasera. Este mismo sistema es el que usa para lanzar los pinchos que tiene alrededor de la concha.', 0),
('92', 'Gastly', 6, 17, 'https://raw.githubusercontent.com/PokeAPI/sprites/master/sprites/pokemon/92.png', 'Gastly está compuesto en gran medida de materia gaseosa. Cuando hay viento, el aire arrastra parte de esta materia y el Pokémon mengua. Suelen agruparse bajo los aleros de las casas para resguardarse del viento.', 0),
('93', 'Haunter', 6, 17, 'https://raw.githubusercontent.com/PokeAPI/sprites/master/sprites/pokemon/93.png', 'Haunter es un Pokémon peligroso. Si en la oscuridad ves a uno flotando y haciéndote señas, no te acerques. Este Pokémon intentará darte lametazos para robarte la energía.', 0),
('94', 'Gengar', 6, 17, 'https://raw.githubusercontent.com/PokeAPI/sprites/master/sprites/pokemon/94.png', 'Si en alguna noche oscura ves que tu sombra sorprendentemente te adelanta de repente, piensa que lo que ves no es tu sombra, sino a Gengar haciéndose pasar por la misma.', 0),
('95', 'Onix', 14, 16, 'https://raw.githubusercontent.com/PokeAPI/sprites/master/sprites/pokemon/95.png', 'Onix tiene un imán en el cerebro, que actúa como una brújula para no perder la orientación cuando está cavando túneles. A medida que crece, se le redondea y suaviza el cuerpo.', 0),
('96', 'Drowzee', 13, null, 'https://raw.githubusercontent.com/PokeAPI/sprites/master/sprites/pokemon/96.png', 'Si te pica la nariz mientras duermes, seguro que es porque tienes a uno de estos Pokémon cerca de la almohada intentando sacarte los sueños por la nariz para comérselos.', 0),
('97', 'Hypno', 13, null, 'https://raw.githubusercontent.com/PokeAPI/sprites/master/sprites/pokemon/97.png', 'Hypno lleva un péndulo en la mano. El balanceo y el brillo que tiene sumen al rival en un estado de hipnosis profundo. Mientras busca a su presa, saca brillo al péndulo.', 0),
('98', 'Krabby', 2, null, 'https://raw.githubusercontent.com/PokeAPI/sprites/master/sprites/pokemon/98.png', 'Krabby vive en la playa, enterrado en agujeros en la arena. Cuando en las playas de arena fina escasea la comida, es común ver a estos Pokémon echando un pulso panza contra panza en defensa de su territorio.', 0),
('99', 'Kingler', 2, null, 'https://raw.githubusercontent.com/PokeAPI/sprites/master/sprites/pokemon/99.png', 'Kingler tiene una pinza enorme y descomunal que usa agitándola en el aire para comunicarse con otros. Lo malo es que, al pesarle tanto, se cansa enseguida.', 0),
('100', 'Voltorb', 5, null, 'https://raw.githubusercontent.com/PokeAPI/sprites/master/sprites/pokemon/100.png', 'Voltorb fue visto por primera vez en una empresa encargada de comercializar Poké Balls. La conexión que existe entre aquella primera vez que se le vio y el hecho de que se parece mucho a una Poké Ball sigue siendo un misterio.', 0),
('101', 'Electrode', 5, null, 'https://raw.githubusercontent.com/PokeAPI/sprites/master/sprites/pokemon/101.png', 'Los Electrode se alimentan de la electricidad de la atmósfera. En días de tormenta con rayos, es fácil verlos explotando por todos lados tras haber consumido demasiada electricidad.', 0),
('102', 'Exeggcute', 12, 13, 'https://raw.githubusercontent.com/PokeAPI/sprites/master/sprites/pokemon/102.png', 'Este Pokémon está compuesto de seis huevos que forman una tupida piña que va girando. Cuando se empiezan a resquebrajar las cáscaras, no hay duda de que Exeggcute está a punto de evolucionar.', 0),
('103', 'Exeggutor', 12, 13, 'https://raw.githubusercontent.com/PokeAPI/sprites/master/sprites/pokemon/103.png', 'Exeggutor es originario del trópico. Cuando se expone a un sol intenso, le empiezan a crecer las cabezas. Hay quien dice que, cuando las cabezas caen al suelo, se unen para formar un Exeggcute.', 0),
('104', 'Cubone', 16, null, 'https://raw.githubusercontent.com/PokeAPI/sprites/master/sprites/pokemon/104.png', 'A Cubone le ahoga la pena porque no volverá a ver jamás a su madre. La luna le recuerda a veces a ella y se pone a chillar. Los churretes que tiene en el cráneo que lleva puesto, son debidos a las lágrimas que derrama.', 0),
('105', 'Marowak', 16, null, 'https://raw.githubusercontent.com/PokeAPI/sprites/master/sprites/pokemon/105.png', 'Marowak es la forma evolucionada de Cubone. Es más fuerte porque ha superado la pena por la pérdida de su madre. El ánimo de este Pokémon, ya curtido y fortalecido, no es muy fácil de alterar.', 0),
('106', 'Hitmonlee', 10, null, 'https://raw.githubusercontent.com/PokeAPI/sprites/master/sprites/pokemon/106.png', 'Hitmonlee tiene la facilidad de encoger y estirar las patas. Con extremidades tan flexibles, propina unas patadas demoledoras. Tras la lucha, se masajea las piernas y relaja los músculos para descansar.', 0),
('107', 'Hitmonchan', 10, null, 'https://raw.githubusercontent.com/PokeAPI/sprites/master/sprites/pokemon/107.png', 'Dicen que Hitmonchan tiene el alma de un boxeador que estuvo entrenándose para un campeonato mundial. Este Pokémon tiene un espíritu indomable que nunca se doblega ante la adversidad.', 0),
('108', 'Lickitung', 11, null, 'https://raw.githubusercontent.com/PokeAPI/sprites/master/sprites/pokemon/108.png', 'Cada vez que Lickitung se encuentra con algo que no conoce, le da un lametazo. Es la forma que tiene de memorizar las cosas, por la textura y el sabor. No soporta los sabores ácidos.', 0),
('109', 'Koffing', 17, null, 'https://raw.githubusercontent.com/PokeAPI/sprites/master/sprites/pokemon/109.png', 'Si Koffing se pone nervioso, aumenta el nivel de toxicidad de los gases que tiene y los expulsa por todo el cuerpo. También suele hincharse mucho hasta llegar a explotar.', 0),
('110', 'Weezing', 17, null, 'https://raw.githubusercontent.com/PokeAPI/sprites/master/sprites/pokemon/110.png', 'A Weezing le encantan los gases que emanan de los desperdicios que quedan en la cocina. Este Pokémon busca casas sucias y abandonadas para crear su hogar. De noche, cuando los habitantes de la casa duermen, va a por la basura.', 0),
('111', 'Rhyhorn', 16, 14, 'https://raw.githubusercontent.com/PokeAPI/sprites/master/sprites/pokemon/111.png', 'Rhyhorn corre en línea recta arrasando todo lo que encuentra en su camino. Aun estrellándose de cabeza contra un bloque de acero, no se vería afectado. Bueno, como mucho notaría algo de dolor al día siguiente.', 0),
('112', 'Rhydon', 16, 14, 'https://raw.githubusercontent.com/PokeAPI/sprites/master/sprites/pokemon/112.png', 'Rhydon tiene un cuerno capaz de horadar hasta un diamante en bruto. Y con una sacudida de la cola puede derribar un edificio. La piel de este Pokémon es muy fuerte; ni los disparos de un cañón le arañarían.', 0),
('113', 'Chansey', 11, null, 'https://raw.githubusercontent.com/PokeAPI/sprites/master/sprites/pokemon/113.png', 'Chansey pone a diario huevos con un valor nutritivo altísimo. Están tan ricos que hasta quien no tenga hambre se los comerá en un abrir y cerrar de ojos.', 0),
('114', 'Tangela', 12,  null, 'https://raw.githubusercontent.com/PokeAPI/sprites/master/sprites/pokemon/114.png', 'A Tangela se le desprenden los tentáculos con facilidad en cuanto se los agarras. Y no sólo no le duele, sino que le resulta muy útil para escapar rápido. Además, al día siguiente le crecen otros.', 0),
('115', 'Kangaskhan', 11, null, 'https://raw.githubusercontent.com/PokeAPI/sprites/master/sprites/pokemon/115.png', 'Si te cruzas alguna vez con un Kangaskhan que esté jugando, no le molestes ni intentes atraparlo. Seguro que estará cerca alguno de sus progenitores, que reaccionará con enfado y violencia.', 0),
('116', 'Horsea', 2, null, 'https://raw.githubusercontent.com/PokeAPI/sprites/master/sprites/pokemon/116.png', 'Horsea come insectos pequeños y el musgo de las rocas. Si las corrientes del océano cobran fuerza, este Pokémon se anclará con la cola a rocas o corales para evitar que las aguas lo arrastren.', 0),
('117', 'Seadra', 2, null, 'https://raw.githubusercontent.com/PokeAPI/sprites/master/sprites/pokemon/117.png', 'Seadra se echa a dormir tras abrirse un hueco entre las ramas de los corales. Los amantes de estos animales marinos suelen pincharse con las púas venenosas de estos Pokémon si no los ven.', 0),
('118', 'Goldeen', 2, null, 'https://raw.githubusercontent.com/PokeAPI/sprites/master/sprites/pokemon/118.png', 'Goldeen es un bello Pokémon que mueve con elegancia las aletas en el agua. Con todo, no hay que bajar la guardia, en cualquier momento puede embestirte con el cuerno.', 0),
('119', 'Seaking', 2, null, 'https://raw.githubusercontent.com/PokeAPI/sprites/master/sprites/pokemon/119.png', 'En otoño, se ven ejemplares de Seaking macho danzando en las riberas de los ríos para cortejar a las hembras. En esta época, la coloración de este Pokémon alcanza sus niveles máximos de belleza.', 0),
('120', 'Staryu', 2, null, 'https://raw.githubusercontent.com/PokeAPI/sprites/master/sprites/pokemon/120.png', 'Staryu posee un órgano central conocido como su núcleo, que brilla con una luz roja. Si vas a la playa a finales de verano, podrás ver los núcleos de estos Pokémon brillando como las estrellas del cielo.', 0),
('121', 'Starmie', 2, 13, 'https://raw.githubusercontent.com/PokeAPI/sprites/master/sprites/pokemon/121.png', 'La parte central de Starmie (el núcleo brillante) resplandece con siete colores distintos. Debido a su naturaleza luminosa, a este Pokémon se le ha dado el apelativo de "la gema del mar".', 0),
('122', 'Mr. Mime', 13, 8, 'https://raw.githubusercontent.com/PokeAPI/sprites/master/sprites/pokemon/122.png', 'Mr. Mime es un experto en pantomima. Con sus gestos y movimientos es capaz de convencer a sus espectadores de que algo existe, cuando en realidad no es así. Pero, cuando el público se lo cree, las ilusiones se hacen realidad.', 0),
('123', 'Scyther', 3, 18, 'https://raw.githubusercontent.com/PokeAPI/sprites/master/sprites/pokemon/123.png', 'Es espectacular ver lo rápido que es Scyther. Su increíble velocidad refuerza el efecto del par de guadañas que tiene en los brazos, que ya son de por sí contundentes; rebanan gruesos troncos de un tajo.', 0),
('124', 'Jynx', 9, 13, 'https://raw.githubusercontent.com/PokeAPI/sprites/master/sprites/pokemon/124.png', 'Jynx camina con ritmo, balanceándose y moviendo las caderas como si estuviera bailando. Realiza unos movimientos tan vistosos y atractivos que no hay quien pueda resistirse a mover las caderas.', 0),
('125', 'Electabuzz', 5, null, 'https://raw.githubusercontent.com/PokeAPI/sprites/master/sprites/pokemon/125.png', 'Al desatarse una tormenta, bandadas de estos Pokémon se enfrentan entre sí para ver quién alcanza antes sitios altos en los que suelan caer rayos. Hay ciudades que usan Electabuzz en lugar de pararrayos.', 0),
('126', 'Magmar', 7, null, 'https://raw.githubusercontent.com/PokeAPI/sprites/master/sprites/pokemon/126.png', 'Al luchar, Magmar expulsa violentas llamas por todo el cuerpo para intimidar a su rival. Estos estallidos de fuego crean ondas de calor que abrasan la hierba y los árboles que haya en las proximidades.', 0),
('127', 'Pinsir', 3, null, 'https://raw.githubusercontent.com/PokeAPI/sprites/master/sprites/pokemon/127.png', 'Pinsir es sorprendentemente grande. Puede agarrar con los cuernos a un rival que pese el doble que él y levantarlo por los aires. En zonas frías, los movimientos de este Pokémon se vuelven lentos.', 0),
('128', 'Tauros', 11, null, 'https://raw.githubusercontent.com/PokeAPI/sprites/master/sprites/pokemon/128.png', 'Este Pokémon no está contento a menos que esté continuamente de aquí para allá. Si no hay rival que luche contra Tauros, se estampa contra árboles grandes para calmarse y los embiste para echarlos abajo.', 0),
('129', 'Magikarp', 2, null, 'https://raw.githubusercontent.com/PokeAPI/sprites/master/sprites/pokemon/129.png', 'Magikarp es el triste ejemplo de un Pokémon capaz únicamente de saltar y salpicar. Esta conducta llevó a científicos a estudiarlo en profundidad.', 0),
('130', 'Gyarados', 2, 18, 'https://raw.githubusercontent.com/PokeAPI/sprites/master/sprites/pokemon/130.png', 'Cuando Magikarp evoluciona y se convierte en Gyarados, sufre un cambio estructural en las células del cerebro. Dicen que esa transformación es la causa de la naturaleza violenta y salvaje de este Pokémon.', 0),
('131', 'Lapras', 2, 9, 'https://raw.githubusercontent.com/PokeAPI/sprites/master/sprites/pokemon/131.png', 'Por culpa de la gente, Lapras está casi en extinción. Dicen que, al anochecer, se pone a cantar quejicoso mientras busca a los miembros de su especie que puedan quedar.', 0),
('132', 'Ditto', 11, null, 'https://raw.githubusercontent.com/PokeAPI/sprites/master/sprites/pokemon/132.png', 'Ditto reorganiza la estructura de sus células para adoptar otras formas. Pero como intente transformarse en algo guiándose por los datos que tenga almacenados en la memoria, habrá detalles que se le escapen.', 0),
('133', 'Eevee', 11, null, 'https://raw.githubusercontent.com/PokeAPI/sprites/master/sprites/pokemon/133.png', 'La configuración genética de Eevee le permite mutar y adaptarse enseguida a cualquier medio en el que viva. La evolución de este Pokémon es posible gracias a las radiaciones emitidas por varias Piedras.', 0),
('134', 'Vaporeon', 2, null, 'https://raw.githubusercontent.com/PokeAPI/sprites/master/sprites/pokemon/134.png', 'Vaporeon sufrió una mutación repentina y desarrolló aletas y branquias que le permiten vivir bajo el agua. Asimismo, este Pokémon tiene la habilidad de controlar las aguas.', 0),
('135', 'Jolteon', 5, null, 'https://raw.githubusercontent.com/PokeAPI/sprites/master/sprites/pokemon/135.png', 'Las células de Jolteon generan un nivel bajo de electricidad, cuya intensidad aumenta con la electricidad estática que acumula en un pelaje formado por agujas cargadas de electricidad. Esta característica le permite lanzar rayos.', 0),
('136', 'Flareon', 7, null, 'https://raw.githubusercontent.com/PokeAPI/sprites/master/sprites/pokemon/136.png', 'La suavidad del pelaje de Flareon tiene una función clara: libera calor para que el Pokémon no se asfixie. La temperatura corporal de este Pokémon puede alcanzar los 900 grados centígrados.', 0),
('137', 'Porygon', 11, null, 'https://raw.githubusercontent.com/PokeAPI/sprites/master/sprites/pokemon/137.png', 'Porygon es capaz de convertirse otra vez en datos informáticos y de entrar en el ciberespacio. Tiene protección anti-copia, así que es imposible duplicarlo.', 0),
('138', 'Omanyte', 14, 2, 'https://raw.githubusercontent.com/PokeAPI/sprites/master/sprites/pokemon/138.png', 'Omanyte es uno de esos Pokémon ancestrales que se extinguieron hace muchísimo tiempo y que la gente ha recuperado a partir de fósiles. Si un enemigo le ataca, se esconderá dentro de la dura concha que tiene.', 0),
('139', 'Omastar', 14, 2, 'https://raw.githubusercontent.com/PokeAPI/sprites/master/sprites/pokemon/139.png', 'Omastar usa los tentáculos para atrapar a su presa. Se cree que el motivo de su extinción fue el tamaño y el peso que llegó a alcanzar la concha que lleva a cuestas, lo que le entorpeció y ralentizó los movimientos.', 0),
('140', 'Kabuto', 14, 2, 'https://raw.githubusercontent.com/PokeAPI/sprites/master/sprites/pokemon/140.png', 'Kabuto es un Pokémon regenerado a partir de un fósil. Aunque, en raras ocasiones, se han encontrado casos de ejemplares vivos. En sus 300 millones de años, este Pokémon no ha cambiado en nada.', 0),
('141', 'Kabutops', 14, 2, 'https://raw.githubusercontent.com/PokeAPI/sprites/master/sprites/pokemon/141.png', 'Hace mucho tiempo Kabutops buceaba para atrapar a su presa. Ahora, parece que este Pokémon ha evolucionado y ha cambiado su hábitat; del agua ha pasado a la tierra. El cambio que se aprecia en las patas y branquias así lo confirma.', 0),
('142', 'Aerodactyl', 14, 18, 'https://raw.githubusercontent.com/PokeAPI/sprites/master/sprites/pokemon/142.png', 'Los orígenes de Aerodactyl datan de la era de los dinosaurios. Se regeneró a partir de material genético contenido en ámbar. Se supone que fue el amo de los cielos en épocas pasadas.', 0),
('143', 'Snorlax', 11, null, 'https://raw.githubusercontent.com/PokeAPI/sprites/master/sprites/pokemon/143.png', 'Un día cualquiera en la vida de Snorlax consiste nada más y nada menos que en comer y dormir. Es un Pokémon tan dócil que es fácil ver niños usando la gran panza que tiene como lugar de juegos.', 0),
('144', 'Articuno', 9, 18, 'https://raw.githubusercontent.com/PokeAPI/sprites/master/sprites/pokemon/144.png', 'Articuno es un legendario pájaro Pokémon que puede controlar el hielo. El batir de sus alas congela el aire. Dicen que consigue hacer que nieve cuando vuela.', 1),
('145', 'Zapdos', 5, 18, 'https://raw.githubusercontent.com/PokeAPI/sprites/master/sprites/pokemon/145.png', 'Zapdos es un legendario pájaro Pokémon que tiene la habilidad de controlar la electricidad. Suele vivir en nubarrones. Este Pokémon gana mucha fuerza si le alcanzan los rayos.', 1),
('146', 'Moltres', 7, 18, 'https://raw.githubusercontent.com/PokeAPI/sprites/master/sprites/pokemon/146.png', 'Moltres es un legendario pájaro Pokémon que tiene la habilidad de controlar el fuego. Dicen que, si resulta herido, se sumerge en el líquido magma de un volcán para arder y curarse.', 1),
('147', 'Dratini', 4, null, 'https://raw.githubusercontent.com/PokeAPI/sprites/master/sprites/pokemon/147.png', 'Dratini muda y se despoja de la vieja piel continuamente. Es algo que necesita hacer porque la energía que tiene en su interior no para de alcanzar niveles incontrolables.', 0),
('148', 'Dragonair', 4, null, 'https://raw.githubusercontent.com/PokeAPI/sprites/master/sprites/pokemon/148.png', 'Dragonair acumula grandes cantidades de energía dentro de sí. Dicen que altera el clima de la zona en la que está, descargando energía a través de las esferas de cristal que tiene en el cuello y en la cola.', 0),
('149', 'Dragonite', 4, 18, 'https://raw.githubusercontent.com/PokeAPI/sprites/master/sprites/pokemon/149.png', 'Dragonite es capaz de dar la vuelta al mundo en sólo 16 horas. Es un Pokémon de buen corazón que guía hasta tierra a los barcos que se encuentran perdidos en plena tormenta y a punto de zozobrar.', 0),
('150', 'Mewtwo', 13, null, 'https://raw.githubusercontent.com/PokeAPI/sprites/master/sprites/pokemon/150.png', 'Mewtwo fue creado por manipulación genética. Pero, a pesar de que el hombre creó su cuerpo, dotar a Mewtwo de un corazón compasivo quedó en el olvido.', 1),
('151', 'Mew', 13, null, 'https://raw.githubusercontent.com/PokeAPI/sprites/master/sprites/pokemon/151.png', 'Dicen que Mew posee el mapa genético de todos los Pokémon. Puede hacerse invisible cuando quiere, así que pasa desapercibido cada vez que se le acerca alguien.', 1),
('152', 'Chikorita', 12, null, 'https://raw.githubusercontent.com/PokeAPI/sprites/master/sprites/pokemon/152.png', 'Al luchar, Chikorita agita la hoja que tiene para mantener a raya al rival. Pero, al mismo tiempo, libera una suave fragancia que apacigua el encuentro y crea un ambiente agradable y de amistad.', 0),
('153', 'Bayleef', 12, null, 'https://raw.githubusercontent.com/PokeAPI/sprites/master/sprites/pokemon/153.png', 'Bayleef tiene un collar de hojas alrededor del cuello y un brote de un árbol en cada una de ellas. La fragancia que desprenden estos brotes anima a la gente.', 0),
('154', 'Meganium', 12, null, 'https://raw.githubusercontent.com/PokeAPI/sprites/master/sprites/pokemon/154.png', 'La fragancia de la flor de Meganium aplaca y suaviza los ánimos. Al luchar, este Pokémon libera mayor cantidad de esencia para disminuir el ánimo de combate de su oponente.', 0),
('155', 'Cyndaquil', 7, null, 'https://raw.githubusercontent.com/PokeAPI/sprites/master/sprites/pokemon/155.png', 'Cyndaquil se protege soltando llamas por el lomo. Cuando está enfadado, las llamas son fieras, pero si está cansado sólo consigue echar algunas chispas que no llegan a cuajar en una completa combustión.', 0),
('156', 'Quilava', 7, null, 'https://raw.githubusercontent.com/PokeAPI/sprites/master/sprites/pokemon/156.png', 'Quilava mantiene a sus rivales a raya con la intensidad de sus llamas y las ráfagas de aire ígneo. Este Pokémon usa su espectacular ingenio para esquivar ataques hasta cuando abrasa al rival con sus llamas.', 0),
('157', 'Typhlosion', 7, null, 'https://raw.githubusercontent.com/PokeAPI/sprites/master/sprites/pokemon/157.png', 'Typhlosion se oculta tras un trémulo haz de calor que crea mediante sus intensas y sofocantes llamaradas. Este Pokémon causa explosiones de fuego que reducen todo a cenizas.', 0),
('158', 'Totodile', 2, null, 'https://raw.githubusercontent.com/PokeAPI/sprites/master/sprites/pokemon/158.png', 'Totodile tiene cuerpo pequeño, pero fuertes mandíbulas. A veces, piensa que sólo está dando un mordisquito y hace unas heridas bastante considerables.', 0),
('159', 'Croconaw', 2, null, 'https://raw.githubusercontent.com/PokeAPI/sprites/master/sprites/pokemon/159.png', 'Una vez que Croconaw le ha clavado los colmillos a su presa, es imposible que escape porque los tiene hacia adentro como si fueran anzuelos. Cuando Croconaw hinca los dientes, no hay escapatoria.', 0),
('160', 'Feraligatr', 2, null, 'https://raw.githubusercontent.com/PokeAPI/sprites/master/sprites/pokemon/160.png', 'Feraligatr intimida a sus oponentes abriendo las grandes fauces que tiene. En combate, golpea el suelo bruscamente con las gruesas y fuertes patas traseras que tiene para cargar contra su rival a una velocidad de vértigo.', 0),
('161', 'Sentret', 11, null, 'https://raw.githubusercontent.com/PokeAPI/sprites/master/sprites/pokemon/161.png', 'Sentret no duerme a menos que otro haga guardia. El que hace de centinela lo despertará al mínimo signo de peligro. Cuando este Pokémon se separa de su manada, es incapaz de echarse a dormir, presa del miedo.', 0),
('162', 'Furret', 11, null, 'https://raw.githubusercontent.com/PokeAPI/sprites/master/sprites/pokemon/162.png', 'Furret es de constitución muy delgada. En combate le resulta útil porque puede escabullirse con habilidad por cualquier huequito y escapar. A pesar de que tiene patas cortas, es ágil y veloz.', 0),
('163', 'Hoothoot', 11, 18, 'https://raw.githubusercontent.com/PokeAPI/sprites/master/sprites/pokemon/163.png', 'Hoothoot tiene un órgano interno que identifica y percibe la rotación de la tierra. Gracias a este órgano, el Pokémon ulula todos los días a la misma hora.', 0),
('164', 'Noctowl', 11, 18, 'https://raw.githubusercontent.com/PokeAPI/sprites/master/sprites/pokemon/164.png', 'Noctowl no falla a la hora de cazar a su presa en la oscuridad. El éxito se lo debe a una vista privilegiada, que le permite ver donde apenas hay luz, y a las ligeras y flexibles alas que tiene, que no hacen ruido alguno al volar.', 0),
('165', 'Ledyba', 3, 18, 'https://raw.githubusercontent.com/PokeAPI/sprites/master/sprites/pokemon/165.png', 'Ledyba segrega un fluido aromático por los seis puntos de unión que tiene entre las patas y el cuerpo. A través de este fluido se comunica con otros y les informa acerca de sus sentimientos variando la esencia.', 0),
('166', 'Ledian', 3, 18, 'https://raw.githubusercontent.com/PokeAPI/sprites/master/sprites/pokemon/166.png', 'Dicen que en zonas en las que el aire está limpio, en las que se ven las estrellas, hay enormes poblaciones de Ledian. La razón es muy sencilla: este Pokémon usa la luz de las estrellas como fuente de energía.', 0),
('167', 'Spinarak', 3, 17, 'https://raw.githubusercontent.com/PokeAPI/sprites/master/sprites/pokemon/167.png', 'La tela que teje Spinarak puede considerarse como su segundo sistema nervioso. Dicen que puede adivinar qué tipo de presa ha caído en su red con sólo observar las leves vibraciones de los hilos de la tela.', 0),
('168', 'Ariados', 3, 17, 'https://raw.githubusercontent.com/PokeAPI/sprites/master/sprites/pokemon/168.png', 'Ariados tiene unas patas con forma de garfio que le permiten correr por techos y superficies verticales. Este Pokémon oprime al rival con una tela de araña fina y resistente.', 0),
('169', 'Crobat', 17, 18, 'https://raw.githubusercontent.com/PokeAPI/sprites/master/sprites/pokemon/169.png', 'Cuando este Pokémon vuela batiendo sólo las alas de las patas delanteras o de las traseras es porque lleva volando bastante tiempo. Cuando se cansa, Crobat alterna las alas.', 0),
('170', 'Chinchou', 2, 5, 'https://raw.githubusercontent.com/PokeAPI/sprites/master/sprites/pokemon/170.png', 'Chinchou libera cargas eléctricas positivas y negativas a través de las dos antenas que tiene para que su rival pierda el conocimiento. Asimismo, usa los destellos de electricidad para comunicarse con otros.', 0),
('171', 'Lanturn', 2, 5, 'https://raw.githubusercontent.com/PokeAPI/sprites/master/sprites/pokemon/171.png', 'A Lanturn lo llaman "la estrella del fondo del mar" por la antena iluminada que tiene. Este Pokémon produce luz creando una reacción química entre una bacteria y los fluidos corporales de la antena.', 0),
('172', 'Pichu', 5, null, 'https://raw.githubusercontent.com/PokeAPI/sprites/master/sprites/pokemon/172.png', 'A Pichu le resulta más fácil cargarse de electricidad en días de nubarrones o cuando sopla un aire muy seco. Es posible oír la electricidad estática que emana este Pokémon.', 0),
('173', 'Cleffa', 8, null, 'https://raw.githubusercontent.com/PokeAPI/sprites/master/sprites/pokemon/173.png', 'Cuando hay lluvia de estrellas, a los Cleffa se les puede ver danzando en círculos durante toda la noche. Sólo paran cuando rompe el día; entonces, dejan de bailar y calman su sed con el rocío de la mañana.', 0),
('174', 'Igglybuff', 11, 8, 'https://raw.githubusercontent.com/PokeAPI/sprites/master/sprites/pokemon/174.png', 'Las cuerdas vocales de Igglybuff no están suficientemente desarrolladas. Si tuviera que cantar mucho, se haría daño en la garganta. Este Pokémon suele hacer gárgaras con agua pura de manantial.', 0),
('175', 'Togepi', 8, null, 'https://raw.githubusercontent.com/PokeAPI/sprites/master/sprites/pokemon/175.png', 'Togepi usa los sentimientos positivos de compasión y alegría que desprenden las personas y los Pokémon. Este Pokémon almacena sentimientos de felicidad en su interior y después los comparte con otros.', 0),
('176', 'Togetic', 8, 18, 'https://raw.githubusercontent.com/PokeAPI/sprites/master/sprites/pokemon/176.png', 'Dicen que Togetic es un Pokémon que trae buena suerte y que, si detecta a alguien que es puro de corazón, sale para compartir su alegría con él.', 0),
('177', 'Natu', 13, 18, 'https://raw.githubusercontent.com/PokeAPI/sprites/master/sprites/pokemon/177.png', 'Natu no puede volar porque las alas no le han crecido lo suficiente. Si tu mirada se cruza con la suya, te la devolverá fijamente. Pero si haces el mínimo movimiento, huirá dando saltitos para ponerse a salvo.', 0),
('178', 'Xatu', 13, 18, 'https://raw.githubusercontent.com/PokeAPI/sprites/master/sprites/pokemon/178.png', 'Xatu permanece de pie inmóvil y tranquilo en el mismo sitio durante todo el día. Se cree que no se mueve por temor a lo que ha visto que ocurrirá en el futuro.', 0),
('179', 'Mareep', 5, null, 'https://raw.githubusercontent.com/PokeAPI/sprites/master/sprites/pokemon/179.png', 'Mareep tiene un pelaje lanudo suave que produce carga estática por el roce. Cuanto más se carga de electricidad estática, más brilla la bombilla que tiene en el extremo de la cola.', 0),
('180', 'Flaaffy', 5, null, 'https://raw.githubusercontent.com/PokeAPI/sprites/master/sprites/pokemon/180.png', 'La calidad de la lana de Flaaffy varía para poder generar mucha electricidad estática con muy poca cantidad de lana. Las zonas suaves de la piel en las que no tiene pelaje están protegidas contra la electricidad.', 0),
('181', 'Ampharos', 5, null, 'https://raw.githubusercontent.com/PokeAPI/sprites/master/sprites/pokemon/181.png', 'Ampharos desprende tanta luz que es posible verle hasta desde el espacio. Antes, la gente usaba su luz como sistema de comunicación para enviarse señales.', 0),
('182', 'Bellossom', 12, null, 'https://raw.githubusercontent.com/PokeAPI/sprites/master/sprites/pokemon/182.png', 'Cuando Bellossom se expone a gran cantidad de luz solar, le empiezan a girar las hojas que le rodean. La danza de este Pokémon es famosa en las zonas del sur.', 0),
('183', 'Marill', 2, 8, 'https://raw.githubusercontent.com/PokeAPI/sprites/master/sprites/pokemon/183.png', 'La cola de Marill contiene un aceite que hace las veces de chaleco salvavidas. Si ves una moviéndose en el agua, seguro que debajo está Marill medio sumergido buscando plantas acuáticas para comer.', 0),
('184', 'Azumarill', 2, 8, 'https://raw.githubusercontent.com/PokeAPI/sprites/master/sprites/pokemon/184.png', 'Azumarill tiene unas orejas enormes, indispensables para hacer de sensores. Al aguzar el oído, este Pokémon puede identificar qué tipo de presa tiene cerca. Puede detectarlo hasta en ríos de fuertes y rápidas corrientes.', 0),
('185', 'Sudowoodo', 14, null, 'https://raw.githubusercontent.com/PokeAPI/sprites/master/sprites/pokemon/185.png', 'Sudowoodo se camufla adoptando la imagen de un árbol para que no le ataque ningún enemigo. El problema viene en invierno; ya que las patas se le ven verdes y es fácil identificarle.', 0),
('186', 'Politoed', 2, null, 'https://raw.githubusercontent.com/PokeAPI/sprites/master/sprites/pokemon/186.png', 'El mechón rizado de Politoed confirma su condición de rey. Dicen que cuanto más le crece y más se le riza, mayor es el respeto que recibe de sus súbditos.', 0),
('187', 'Hoppip', 12, 18, 'https://raw.githubusercontent.com/PokeAPI/sprites/master/sprites/pokemon/187.png', 'Este Pokémon flota en el aire y se deja llevar. Cuando percibe que el viento va a cambiar a fuerte, Hoppip entrelaza sus hojas con otros Hoppip para hacer resistencia y evitar salir volando por la fuerza de la corriente.', 0),
('188', 'Skiploom', 12, 18, 'https://raw.githubusercontent.com/PokeAPI/sprites/master/sprites/pokemon/188.png', 'Skiploom florece cuando la temperatura llega a 18 grados centígrados. La apertura de los pétalos varía según la temperatura que haga. Por este motivo, la gente lo usa a veces a modo de termómetro.', 0),
('189', 'Jumpluff', 12, 18, 'https://raw.githubusercontent.com/PokeAPI/sprites/master/sprites/pokemon/189.png', 'Jumpluff se vale de los cálidos vientos del sur para volar a tierras lejanas. Si llega a zonas de aire frío en pleno vuelo, descenderá y tomará tierra.', 0),
('190', 'Aipom', 11, null, 'https://raw.githubusercontent.com/PokeAPI/sprites/master/sprites/pokemon/190.png', 'La cola de Aipom termina en una especie de mano a la que, con un poco de cabeza, se le puede dar muy buen uso. Pero hay un problema: como se ha acostumbrado a usarla mucho, las de verdad se le han vuelto algo torponas.', 0),
('191', 'Sunkern', 12, null, 'https://raw.githubusercontent.com/PokeAPI/sprites/master/sprites/pokemon/191.png', 'Sunkern intenta moverse lo menos posible para conservar el mayor número de nutrientes que ha guardado en su interior y poder evolucionar. Ni siquiera come, sólo se alimenta del rocío de la mañana.', 0),
('192', 'Sunflora', 12, null, 'https://raw.githubusercontent.com/PokeAPI/sprites/master/sprites/pokemon/192.png', 'Sunflora transforma la energía solar en nutrientes. De día, cuando hace calor, está en continuo movimiento. Sólo se detiene cuando comienza a anochecer.', 0),
('193', 'Yanma', 3, 18, 'https://raw.githubusercontent.com/PokeAPI/sprites/master/sprites/pokemon/193.png', 'Yanma tiene un ángulo de visión de 360 grados sin mover los ojos. Es un gran volador, experto en hacer repentinas paradas y cambios de dirección en el aire. Aprovecha la habilidad que tiene de volar para lanzarse sobre su presa.', 0),
('194', 'Wooper', 2, 16, 'https://raw.githubusercontent.com/PokeAPI/sprites/master/sprites/pokemon/194.png', 'Wooper suele vivir en el agua, pero es posible también verle en tierra en busca de comida. Cuando está en terreno firme, se cubre con una película viscosa tóxica.', 0),
('195', 'Quagsire', 2, 16, 'https://raw.githubusercontent.com/PokeAPI/sprites/master/sprites/pokemon/195.png', 'Quagsire caza dejando las fauces abiertas en el agua y esperando a que su presa entre sin darse cuenta. Como se queda quieto, este Pokémon no pasa mucha hambre.', 0),
('196', 'Espeon', 13, null, 'https://raw.githubusercontent.com/PokeAPI/sprites/master/sprites/pokemon/196.png', 'Espeon es tremendamente leal al Entrenador que le merece la pena. Dicen que este Pokémon desarrolló sus poderes adivinatorios para evitar que su Entrenador sufra ningún daño.', 0),
('197', 'Umbreon', 15, null, 'https://raw.githubusercontent.com/PokeAPI/sprites/master/sprites/pokemon/197.png', 'Umbreon evolucionó tras haber estado expuesto a ondas lunares. Suele esconderse en la oscuridad en silencio y esperar a que su presa se mueva. Cuando se lanza al ataque, le brillan los anillos del cuerpo.', 0),
('198', 'Murkrow', 15, 18, 'https://raw.githubusercontent.com/PokeAPI/sprites/master/sprites/pokemon/198.png', 'Murkrow ha sido temido y repudiado por todos por ser supuestamente fuente de mala suerte. Este Pokémon siente debilidad por todo lo que brilla y resplandece. A las mujeres les roba los anillos.', 0),
('199', 'Slowking', 2, 13, 'https://raw.githubusercontent.com/PokeAPI/sprites/master/sprites/pokemon/199.png', 'Slowking dedica cada día tiempo a investigar, en un intento por resolver los misterios del mundo. Aunque, según parece, a este Pokémon se le olvida todo lo aprendido cuando se asoma el Shellder que lleva.', 0),
('200', 'Misdreavus', 6, null, 'https://raw.githubusercontent.com/PokeAPI/sprites/master/sprites/pokemon/200.png', 'Misdreavus asusta a la gente con un chillido escalofriante y sollozante. Y, al parecer, usa las esferas rojas para absorber los sentimientos de miedo de los enemigos y usarlos como alimento.', 0),
('201', 'Unown', 13, null, 'https://raw.githubusercontent.com/PokeAPI/sprites/master/sprites/pokemon/201.png', 'Este Pokémon tiene forma de caracteres antiguos. No se sabe qué surgió primero: si la vieja escritura o los distintos Unown. Esta cuestión sigue siendo objeto de estudio, pero aún no se ha averiguado nada.', 0),
('202', 'Wobbuffet', 13, null, 'https://raw.githubusercontent.com/PokeAPI/sprites/master/sprites/pokemon/202.png', 'Si dos o más Wobbuffet se encuentran, se volverán competitivos e intentarán superarse en resistencia. Pero también puede que intenten aguantar sin comer; algo que los Entrenadores deben tener muy en cuenta.', 0),
('203', 'Girafarig', 11, 13, 'https://raw.githubusercontent.com/PokeAPI/sprites/master/sprites/pokemon/203.png', 'Girafarig tiene un cerebro también en la cabeza trasera, que reacciona atacando ante olores y sonidos. Si te acercas a este Pokémon desde atrás, puedes provocar que la cabeza trasera salga de repente y te muerda.', 0),
('204', 'Pineco', 3, null, 'https://raw.githubusercontent.com/PokeAPI/sprites/master/sprites/pokemon/204.png', 'Pineco permanece colgado de la rama de un árbol esperando pacientemente a su presa. Si alguien sacude el árbol en el que está mientras come y le molesta, se tira al suelo y explota sin dar ningún tipo de aviso.', 0),
('205', 'Forretress', 3, 1, 'https://raw.githubusercontent.com/PokeAPI/sprites/master/sprites/pokemon/205.png', 'Forretress se esconde dentro de su concha de acero reforzada. Sólo la abre cuando va a atrapar a su presa, pero ocurre tan rápido que no da tiempo de ver su interior.', 0),
('206', 'Dunsparce', 11, null, 'https://raw.githubusercontent.com/PokeAPI/sprites/master/sprites/pokemon/206.png', 'La cola de Dunsparce es un taladro que usa para enterrarse de espaldas en el suelo. De todos es sabido que este Pokémon hace su nido a gran profundidad y con una forma muy compleja.', 0),
('207', 'Gligar', 16, 18, 'https://raw.githubusercontent.com/PokeAPI/sprites/master/sprites/pokemon/207.png', 'Gligar planea por el aire sin hacer ningún ruido, como si se deslizara. Este Pokémon se agarra a la cara de su rival con las patas traseras, con forma de garra, y las pinzas de las delanteras, inyectándole veneno por el aguijón.', 0),
('208', 'Steelix', 1, 16, 'https://raw.githubusercontent.com/PokeAPI/sprites/master/sprites/pokemon/208.png', 'Steelix vive a mayor profundidad aún que Onix. Se le conoce por su tendencia a cavar hacia el centro de la tierra. Hay datos que muestran que este Pokémon ha llegado a alcanzar 1 kilómetro de profundidad cavando.', 0),
('209', 'Snubbull', 8, null, 'https://raw.githubusercontent.com/PokeAPI/sprites/master/sprites/pokemon/209.png', 'Al tener los colmillos por fuera, Snubbull da miedo y espanta, aterrados, a los Pokémon pequeños. Aunque a él parece que le da un poco de pena que salgan huyendo.', 0),
('210', 'Granbull', 8, null, 'https://raw.githubusercontent.com/PokeAPI/sprites/master/sprites/pokemon/210.png', 'Granbull tiene la mandíbula inferior demasiado desarrollada y colmillos enormes y pesados que le obligan a inclinar la cabeza hacia atrás para compensar el peso. Si no se le asusta, no muerde.', 0),
('211', 'Qwilfish', 2, 17, 'https://raw.githubusercontent.com/PokeAPI/sprites/master/sprites/pokemon/211.png', 'Qwilfish bebe agua y se hincha y, a continuación, usa la presión del agua que ha tragado para lanzar plumas tóxicas por todo el cuerpo. Para este Pokémon nadar es una especie de desafío.', 0),
('212', 'Scizor', 3, 1, 'https://raw.githubusercontent.com/PokeAPI/sprites/master/sprites/pokemon/212.png', 'Scizor tiene un cuerpo duro como el acero que no es fácil de alterar con ningún ataque común. Este Pokémon bate las alas para regular la temperatura corporal.', 0),
('213', 'Shuckle', 3, 14, 'https://raw.githubusercontent.com/PokeAPI/sprites/master/sprites/pokemon/213.png', 'Shuckle permanece escondido bajo las rocas en silencio y, cuando se pone a comer las bayas que almacena, se encierra en el caparazón. Las Bayas se mezclan con sus fluidos corporales y originan zumo.', 0),
('214', 'Heracross', 3, 10, 'https://raw.githubusercontent.com/PokeAPI/sprites/master/sprites/pokemon/214.png', 'Heracross carga en línea recta contra el enemigo, se le queda encajado por debajo, lo agarra y lo lanza con ayuda del fuerte cuerno que tiene. Este Pokémon tiene fuerza hasta para echar abajo un árbol descomunal.', 0),
('215', 'Sneasel', 15, 9, 'https://raw.githubusercontent.com/PokeAPI/sprites/master/sprites/pokemon/215.png', 'Sneasel trepa árboles encaramándose a la corteza con las garras curvas que tiene. Este Pokémon busca nidos desprovistos de vigilancia paterna para robar los huevos que haya y comérselos.', 0),
('216', 'Teddiursa', 11, null, 'https://raw.githubusercontent.com/PokeAPI/sprites/master/sprites/pokemon/216.png', 'A este Pokémon le encanta chuparse las palmas, que tiene llenas de dulce miel. Teddiursa fabrica su propia miel mezclando frutos y el polen recogido por Beedrill.', 0),
('217', 'Ursaring', 11, null, 'https://raw.githubusercontent.com/PokeAPI/sprites/master/sprites/pokemon/217.png', 'En los bosques habitados por Ursaring, dicen que abundan los arroyos y árboles gigantes en los que guarda su alimento. Este Pokémon se dedica todos los días a pasear por el bosque para buscar comida y guardarla.', 0),
('218', 'Slugma', 7, null, 'https://raw.githubusercontent.com/PokeAPI/sprites/master/sprites/pokemon/218.png', 'Por el sistema circulatorio de Slugma corre magma líquido. Si este Pokémon se enfriara, el magma perdería el calor y se solidificaría, con lo que se resquebrajaría entero, perdería trozos y reduciría su tamaño.', 0),
('219', 'Magcargo', 7, null, 'https://raw.githubusercontent.com/PokeAPI/sprites/master/sprites/pokemon/219.png', 'La coraza de Magcargo es en realidad su propia piel que quedó endurecida al enfriarse. Está muy resquebrajada y es muy frágil; se desharía solo con tocarla. Este Pokémon debe sumergirse en magma para recuperar su forma.', 0),
('220', 'Swinub', 9, 16, 'https://raw.githubusercontent.com/PokeAPI/sprites/master/sprites/pokemon/220.png', 'Swinub busca el alimento frotando el hocico contra el suelo. Su comida preferida es una seta que crece bajo la hierba marchita. A veces, al frotar, descubre fuentes termales.', 0),
('221', 'Piloswine', 9, 16, 'https://raw.githubusercontent.com/PokeAPI/sprites/master/sprites/pokemon/221.png', 'Piloswine está cubierto por un pelaje tupido y de largas cerdas que le permite soportar el frío polar. Este Pokémon usa los colmillos para desenterrar los alimentos que hayan podido quedar bajo el hielo.', 0),
('222', 'Corsola', 2, 14, 'https://raw.githubusercontent.com/PokeAPI/sprites/master/sprites/pokemon/222.png', 'Las ramas de Corsola brillan con belleza hasta en siete colores cuando les da el sol. Si se le rompe alguna, el Pokémon la regenera en tan solo una noche.', 0),
('223', 'Remoraid', 2, null, 'https://raw.githubusercontent.com/PokeAPI/sprites/master/sprites/pokemon/223.png', 'Remoraid traga agua y usa los abdominales para lanzarla a gran velocidad contra una presa que esté en el aire. Cuando está a punto de evolucionar, este Pokémon nada en los ríos corriente abajo.', 0),
('224', 'Octillery', 2, null, 'https://raw.githubusercontent.com/PokeAPI/sprites/master/sprites/pokemon/224.png', 'Octillery se apodera de su enemigo con los tentáculos y lo deja inmovilizado antes de propinarle el golpe final. Si el enemigo resulta ser demasiado fuerte, Octillery le echará tinta para escapar.', 0),
('225', 'Delibird', 9, 18, 'https://raw.githubusercontent.com/PokeAPI/sprites/master/sprites/pokemon/225.png', 'Delibird usa la cola a modo de saco para llevar su alimento. En una ocasión, un famoso escalador consiguió alcanzar la cima del Everest gracias a que uno de estos Pokémon compartió sus alimentos con él.', 0),
('226', 'Mantine', 2, 18, 'https://raw.githubusercontent.com/PokeAPI/sprites/master/sprites/pokemon/226.png', 'En días soleados, es posible ver bancos de Mantine saltando con elegancia por entre las olas del mar. A estos Pokémon no les molestan los Remoraid que se les pegan.', 0),
('227', 'Skarmory', 1, 18, 'https://raw.githubusercontent.com/PokeAPI/sprites/master/sprites/pokemon/227.png', 'Skarmory está totalmente encerrado en el interior de una fuerte coraza protectora. En vuelo, puede llegar a alcanzar los 300 km por hora y usa las afiladas alas que tiene para azotar al rival.', 0),
('228', 'Houndour', 15, 7, 'https://raw.githubusercontent.com/PokeAPI/sprites/master/sprites/pokemon/228.png', 'Houndour sale a cazar con el resto de la manada con total coordinación. Estos Pokémon se comunican unos con otros usando una serie de aullidos para acorralar a su presa. El compañerismo que existe entre ellos es incomparable.', 0),
('229', 'Houndoom', 15, 7, 'https://raw.githubusercontent.com/PokeAPI/sprites/master/sprites/pokemon/229.png', 'En la manada de Houndoom, el que tiene los cuernos bastante orientados hacia atrás tiene un papel de liderazgo. Estos Pokémon suelen elegir al jefe batiéndose entre ellos.', 0),
('230', 'Kingdra', 2, 4, 'https://raw.githubusercontent.com/PokeAPI/sprites/master/sprites/pokemon/230.png', 'Kingdra vive en lo más profundo del océano, donde no habita ninguna otra especie. Siempre se ha pensado que su bostezo causaba las corrientes en remolino que se dan en el océano.', 0),
('231', 'Phanpy', 16, null, 'https://raw.githubusercontent.com/PokeAPI/sprites/master/sprites/pokemon/231.png', 'Phanpy cava un agujero profundo para hacer su nido en el suelo, en la ribera de los ríos, y marca con la trompa la zona para que el resto vea que ese terreno ya está ocupado.', 0),
('232', 'Donphan', 16, null, 'https://raw.githubusercontent.com/PokeAPI/sprites/master/sprites/pokemon/232.png', 'A Donphan le encanta enrollarse como una pelota y cargar contra el enemigo rodando a toda velocidad. Una vez ha comenzado a rodar, no es fácil pararlo.', 0),
('233', 'Porygon2', 11, null, 'https://raw.githubusercontent.com/PokeAPI/sprites/master/sprites/pokemon/233.png', 'Porygon2 fue creado por el hombre, con los avances de la ciencia. Esta obra humana ha sido provista de inteligencia artificial que le permite aprender gestos y sensaciones nuevas por su cuenta.', 0),
('234', 'Stantler', 11, null, 'https://raw.githubusercontent.com/PokeAPI/sprites/master/sprites/pokemon/234.png', 'Hace tiempo, se comerciaba con la magnífica cornamenta de Stantler. Se vendía como obra de arte a alto precio. Los interesados en cornamentas de valor incalculable empezaron a cazarlos y casi provocan su extinción.', 0),
('235', 'Smeargle', 11, null, 'https://raw.githubusercontent.com/PokeAPI/sprites/master/sprites/pokemon/235.png', 'Smeargle marca los límites de su territorio liberando un fluido corporal por el extremo de la cola. Hasta la fecha, se han encontrado más de 5.000 tipos de marcas distintas dejadas por este Pokémon.', 0),
('236', 'Tyrogue', 10, null, 'https://raw.githubusercontent.com/PokeAPI/sprites/master/sprites/pokemon/236.png', 'Tyrogue se pone demasiado nervioso si no lo sacan a entrenarse cada día. Su Entrenador debe establecer y mantener ciertos métodos de entrenamiento durante la cría.', 0),
('237', 'Hitmontop', 10, null, 'https://raw.githubusercontent.com/PokeAPI/sprites/master/sprites/pokemon/237.png', 'Hitmontop hace el pino con la cabeza y se pone a girar rápido al tiempo que reparte patadas. Ésta es una técnica ofensiva y defensiva a la vez. Este Pokémon se desplaza más rápido girando sobre sí que caminando.', 0),
('238', 'Smoochum', 9, 13, 'https://raw.githubusercontent.com/PokeAPI/sprites/master/sprites/pokemon/238.png', 'Smoochum va corriendo por todos lados, pero se cae también con frecuencia. Y en cuanto tiene ocasión, se mira en algún sitio para ver si se ha manchado la cara.', 0),
('239', 'Elekid', 5, null, 'https://raw.githubusercontent.com/PokeAPI/sprites/master/sprites/pokemon/239.png', 'Elekid acumula electricidad. Si entra en contacto con algo de metal y descarga accidentalmente toda la electricidad almacenada, empieza a agitar los brazos en círculo para volver a cargarse.', 0),
('240', 'Magby', 7, null, 'https://raw.githubusercontent.com/PokeAPI/sprites/master/sprites/pokemon/240.png', 'El estado de salud de Magby se puede determinar observando el fuego que emana al respirar. Si las llamas que echa por la boca son amarillas, está bien. Pero si, además de las llamas, sale humo negro, está cansado.', 0),
('241', 'Miltank', 11, null, 'https://raw.githubusercontent.com/PokeAPI/sprites/master/sprites/pokemon/241.png', 'Miltank da al día 20 litros de una dulce leche que gusta a pequeños y mayores. Aquellos a los que no les gusta la leche, la toman en yogur.', 0),
('242', 'Blissey', 11, null, 'https://raw.githubusercontent.com/PokeAPI/sprites/master/sprites/pokemon/242.png', 'Blissey es capaz de sentir la tristeza a través del sedoso pelaje. Si detecta que alguien está apenado, irá hasta donde esté y compartirá un huevo de la felicidad para devolverle la sonrisa.', 0),
('243', 'Raikou', 5, null, 'https://raw.githubusercontent.com/PokeAPI/sprites/master/sprites/pokemon/243.png', 'Raikou tiene la velocidad del rayo. Los rugidos de este Pokémon emiten ondas de choque que se esparcen vibrando por el aire y sacuden el suelo como si fueran auténticas descargas de rayo.', 1),
('244', 'Entei', 7, null, 'https://raw.githubusercontent.com/PokeAPI/sprites/master/sprites/pokemon/244.png', 'Entei contiene el fulgor del magma en su interior. Se cree que este Pokémon nació de la erupción de un volcán. Escupe numerosas ráfagas de fuego que devoran y reducen a cenizas todo lo que tocan.', 1),
('245', 'Suicune', 2, null, 'https://raw.githubusercontent.com/PokeAPI/sprites/master/sprites/pokemon/245.png', 'Suicune emana la pureza de los manantiales. Suele ir corriendo por el campo con gran elegancia. Este Pokémon tiene el poder de purificar el agua contaminada.', 1),
('246', 'Larvitar', 14, 16, 'https://raw.githubusercontent.com/PokeAPI/sprites/master/sprites/pokemon/246.png', 'Larvitar nace bajo tierra a gran profundidad. Para subir a la superficie, este Pokémon debe comer lo que encuentra en su camino para abrirse paso. Y, hasta que no está arriba, no puede verles la cara a sus padres.', 0),
('247', 'Pupitar', 14, 16, 'https://raw.githubusercontent.com/PokeAPI/sprites/master/sprites/pokemon/247.png', 'Pupitar crea un gas en su interior, que comprime y expulsa violentamente a modo de autopropulsión. Tiene un cuerpo resistente que se mantiene inalterable hasta cuando se golpea contra duro acero.', 0),
('248', 'Tyranitar', 14, 15, 'https://raw.githubusercontent.com/PokeAPI/sprites/master/sprites/pokemon/248.png', 'Tyranitar tiene una fuerza imponente; es capaz de echar abajo una montaña para hacer su nido. Este Pokémon suele merodear por las zonas de montaña en busca de nuevos rivales contra los que luchar.', 0),
('249', 'Lugia', 13, 18, 'https://raw.githubusercontent.com/PokeAPI/sprites/master/sprites/pokemon/249.png', 'La fuerza que tiene Lugia en las alas es devastadora; con nada que las bata es capaz de derribar edificios enteros. Por eso mismo, prefiere vivir donde no haya nadie, en lo más profundo del mar.', 1),
('250', 'Ho-Oh', 7, 18, 'https://raw.githubusercontent.com/PokeAPI/sprites/master/sprites/pokemon/250.png', 'El plumaje de Ho-Oh contiene siete colores que pueden apreciarse según el ángulo desde el que les dé la luz. Dicen que sus plumas dan felicidad a quienes las llevan y, también, que este Pokémon vive a los pies del arco iris.', 1),
('251', 'Celebi', 13, 12, 'https://raw.githubusercontent.com/PokeAPI/sprites/master/sprites/pokemon/251.png', 'Este Pokémon vino del futuro haciendo un viaje en el tiempo. Hay quien piensa que, mientras Celebi siga apareciendo, hay un futuro brillante y esperanzador.', 1),
('252', 'Treecko', 12, null, 'https://raw.githubusercontent.com/PokeAPI/sprites/master/sprites/pokemon/252.png', 'Treecko tiene unos ganchos pequeños en las plantas de los pies con los que puede escalar superficies verticales. Este Pokémon ataca dando un golpetazo con la cola.', 0),
('253', 'Grovyle', 12, null, 'https://raw.githubusercontent.com/PokeAPI/sprites/master/sprites/pokemon/253.png', 'Las hojas que Grovyle tiene por el cuerpo le resultan muy útiles para camuflarse en el bosque y esconderse de los enemigos. A este Pokémon no hay quien lo supere subiendo a los árboles del bosque.', 0),
('254', 'Sceptile', 12, null, 'https://raw.githubusercontent.com/PokeAPI/sprites/master/sprites/pokemon/254.png', 'Las hojas que le salen a Sceptile del cuerpo tienen unos bordes muy afilados. Este Pokémon es muy ágil, va saltando de rama en rama y se lanza sobre el enemigo por la espalda.', 0),
('255', 'Torchic', 7, null, 'https://raw.githubusercontent.com/PokeAPI/sprites/master/sprites/pokemon/255.png', 'Torchic no se separa de su Entrenador. Siempre va detrás de él con sus pasitos inseguros. Este Pokémon echa fuego en forma de bola, que llega a subir la temperatura hasta 1.000 grados centígrados.', 0),
('256', 'Combusken', 7, 10, 'https://raw.githubusercontent.com/PokeAPI/sprites/master/sprites/pokemon/256.png', 'Combusken fortalece las piernas corriendo por llanos y montañas. Este Pokémon tiene en las extremidades inferiores tanto fuerza como velocidad. Puede dar hasta diez patadas por segundo.', 0),
('257', 'Blaziken', 7, 10, 'https://raw.githubusercontent.com/PokeAPI/sprites/master/sprites/pokemon/257.png', 'En combate, Blaziken expulsa vivas llamas por las muñecas y ataca al enemigo con fiereza. Cuanto más fuerte sea el enemigo, más intensas serán las llamas.', 0),
('258', 'Mudkip', 2, null, 'https://raw.githubusercontent.com/PokeAPI/sprites/master/sprites/pokemon/258.png', 'La aleta que tiene Mudkip en la cabeza actúa de radar y es muy sensible. Puede captar movimientos que se produzcan en el agua y en el aire, y todo lo que ocurra a su alrededor, sin necesidad de abrir los ojos.', 0),
('259', 'Marshtomp', 2, 16, 'https://raw.githubusercontent.com/PokeAPI/sprites/master/sprites/pokemon/259.png', 'El cuerpo de Marshtomp está cubierto por una fina película pegajosa gracias a la cual puede vivir en tierra. Cuando la marea está baja, a este Pokémon le encanta jugar en el fango.', 0),
('260', 'Swampert', 2, 16, 'https://raw.githubusercontent.com/PokeAPI/sprites/master/sprites/pokemon/260.png', 'Swampert es muy fuerte. Puede arrastrar una roca que pese más de 1 tonelada sin ningún problema. Este Pokémon tiene el sentido de la vista muy desarrollado. Es capaz de ver hasta en aguas cenagosas.', 0),
('261', 'Poochyena', 15, null, 'https://raw.githubusercontent.com/PokeAPI/sprites/master/sprites/pokemon/261.png', 'La primera reacción que Poochyena tiene al ver algo moverse es darle un mordisco. Este Pokémon persigue a su presa hasta que cae agotada. Aunque, a veces, sale huyendo si su presa le responde con un ataque.', 0),
('262', 'Mightyena', 15, null, 'https://raw.githubusercontent.com/PokeAPI/sprites/master/sprites/pokemon/262.png', 'Es muy fácil prever cuándo va a atacar Mightyena; se pone a gruñir con fuerza y se estira. Este Pokémon da unos mordiscos tremendos con los afilados colmillos que tiene.', 0),
('263', 'Zigzagoon', 11, null, 'https://raw.githubusercontent.com/PokeAPI/sprites/master/sprites/pokemon/263.png', 'Zigzagoon está todo el día dando vueltas de aquí para allá. Es un Pokémon muy inquieto. Se interesa por todo lo que se encuentra en su camino.', 0),
('264', 'Linoone', 11, null, 'https://raw.githubusercontent.com/PokeAPI/sprites/master/sprites/pokemon/264.png', 'Linoone siempre corre todo lo rápido que puede y sólo en línea recta. Si encuentra un obstáculo en el camino, se moverá hacia la derecha para esquivarlo. Correr bien por caminos tortuosos es todo un reto para él.', 0),
('265', 'Wurmple', 3, null, 'https://raw.githubusercontent.com/PokeAPI/sprites/master/sprites/pokemon/265.png', 'Wurmple usa las púas del lomo para raspar los troncos de los árboles, quitarles la corteza y beber la savia que emanan. Este Pokémon tiene unas ventosas rematándole los pies, con las que se adhiere al cristal sin resbalarse.', 0),
('266', 'Silcoon', 3, null, 'https://raw.githubusercontent.com/PokeAPI/sprites/master/sprites/pokemon/266.png', 'Silcoon usa la seda que produce para atarse a la rama de un árbol y sujetarse bien. Y se queda ahí colgado a la espera de su evolución, asomado por un agujero del capullo de seda.', 0),
('267', 'Beautifly', 3, 18, 'https://raw.githubusercontent.com/PokeAPI/sprites/master/sprites/pokemon/267.png', 'La comida favorita de Beautifly es el dulce polen de las flores. Si quieres ver a este Pokémon, deja una maceta con flores al lado de la ventana y verás cómo aparece un ejemplar de Beautifly en busca de polen.', 0),
('268', 'Cascoon', 3, null, 'https://raw.githubusercontent.com/PokeAPI/sprites/master/sprites/pokemon/268.png', 'Cascoon forma el capullo que lo protege enrollándose por completo en la seda que libera por la boca. Cuando está totalmente recubierto, se prepara para evolucionar en el interior del capullo.', 0),
('269', 'Dustox', 3, 17, 'https://raw.githubusercontent.com/PokeAPI/sprites/master/sprites/pokemon/269.png', 'Los Dustox se acercan a la luz de forma instintiva. De hecho, se agrupan en enjambres alrededor de las luces de las ciudades y causan estragos en las hojas de los árboles que están a pie de calle para alimentarse.', 0),
('270', 'Lotad', 2, 12, 'https://raw.githubusercontent.com/PokeAPI/sprites/master/sprites/pokemon/270.png', 'Lotad vive en estanques y lagos, donde permanece flotando. Si se le marchita la ancha hoja que tiene en la cabeza, se debilitará. De vez en cuando se desplaza en busca de agua limpia.', 0),
('271', 'Lombre', 2, 12, 'https://raw.githubusercontent.com/PokeAPI/sprites/master/sprites/pokemon/271.png', 'Lombre es, además de travieso, nocturno; entra en acción de noche. Cuando ve a gente pescando, se pone a tirar del sedal por debajo del agua y se divierte viendo la cara de enfado que se les queda.', 0),
('272', 'Ludicolo', 2, 12, 'https://raw.githubusercontent.com/PokeAPI/sprites/master/sprites/pokemon/272.png', 'Ludicolo empieza a bailar en cuanto oye música alegre y de fiesta. Dicen que este Pokémon aparece cuando oye cantar a los niños que van de excursión para hacer senderismo.', 0),
('273', 'Seedot', 12, null, 'https://raw.githubusercontent.com/PokeAPI/sprites/master/sprites/pokemon/273.png', 'Seedot se queda enganchado a las ramas de los árboles por el extremo que tiene en la cabeza. Mientras está ahí colgado, aprovecha para tomar la humedad del árbol. Cuanta más agua bebe, más lustroso se le ve.', 0),
('274', 'Nuzleaf', 12, 15, 'https://raw.githubusercontent.com/PokeAPI/sprites/master/sprites/pokemon/274.png', 'Nuzleaf habita bosques muy poblados. Y, en ocasiones, se atreve a salir para asustar a la gente. A este Pokémon no le gusta nada que le pellizquen la nariz.', 0),
('275', 'Shiftry', 12, 15, 'https://raw.githubusercontent.com/PokeAPI/sprites/master/sprites/pokemon/275.png', 'Shiftry es un enigmático Pokémon que vive, dicen, en las copas de los árboles milenarios. Este Pokémon genera fuertes corrientes de aire con los abanicos que lleva en las manos.', 0),
('276', 'Taillow', 11, 18, 'https://raw.githubusercontent.com/PokeAPI/sprites/master/sprites/pokemon/276.png', 'Taillow se mantiene firme ante sus rivales, sean lo fuertes que sean. Este valiente Pokémon seguirá mostrándose desafiante, aunque pierda en combate. Además, si se enfada, se pondrá a gritar con energía.', 0),
('277', 'Swellow', 11, 18, 'https://raw.githubusercontent.com/PokeAPI/sprites/master/sprites/pokemon/277.png', 'Swellow vuela muy alto dibujando elegantes arcos en el cielo. Este Pokémon se sumerge en el agua con rapidez y eficacia en cuanto detecta una presa. Con las garras, atrapa a la desdichada víctima y no la deja huir.', 0),
('278', 'Wingull', 2, 18, 'https://raw.githubusercontent.com/PokeAPI/sprites/master/sprites/pokemon/278.png', 'Wingull tiene la costumbre de llevar a su presa y objetos de valor en el pico, y esconderlos en distintos sitios. Este Pokémon vuela dejándose llevar por las corrientes de aire como si fuera patinando por el cielo.', 0),
('279', 'Pelipper', 2, 18, 'https://raw.githubusercontent.com/PokeAPI/sprites/master/sprites/pokemon/279.png', 'Pelipper vuela transportando pequeños huevos y Pokémon dentro del descomunal pico que tiene. Este Pokémon construye su nido en escarpados acantilados frente al mar.', 0),
('280', 'Ralts', 13, 8, 'https://raw.githubusercontent.com/PokeAPI/sprites/master/sprites/pokemon/280.png', 'Ralts percibe las sensaciones de la gente por los colmillos que tiene encima y detrás de la cabeza. No es común que este Pokémon aparezca en público, pero cuando lo hace, se acerca si ve buena disposición en la gente.', 0),
('281', 'Kirlia', 13, 8, 'https://raw.githubusercontent.com/PokeAPI/sprites/master/sprites/pokemon/281.png', 'Dicen que al recibir los sentimientos positivos de su Entrenador, Kirlia crece con gran belleza. Este Pokémon controla poderes psicoquinéticos gracias al desarrollado cerebro que tiene.', 0),
('282', 'Gardevoir', 13, 8, 'https://raw.githubusercontent.com/PokeAPI/sprites/master/sprites/pokemon/282.png', 'Gardevoir es capaz de leer el futuro. Si siente que su Entrenador está en peligro inminente, dicen que libera automáticamente toda su energía psicoquinética.', 0),
('283', 'Surskit', 3, 2, 'https://raw.githubusercontent.com/PokeAPI/sprites/master/sprites/pokemon/283.png', 'Surskit segrega un aceite por la punta de las patas que le permite caminar sobre el agua como si fuera patinando. Este Pokémon se alimenta de microorganismos en charcas y lagos.', 0),
('284', 'Masquerain', 3, 2, 'https://raw.githubusercontent.com/PokeAPI/sprites/master/sprites/pokemon/284.png', 'Masquerain intimida a sus enemigos con los ojos que tiene dibujados en las antenas. Este Pokémon bate las cuatro alas que tiene para volar libremente en cualquier dirección (hasta de lado y hacia atrás) como un helicóptero.', 0),
('285', 'Shroomish', 12, null, 'https://raw.githubusercontent.com/PokeAPI/sprites/master/sprites/pokemon/285.png', 'Los Shroomish viven en zonas húmedas en la profunda oscuridad del bosque. Suelen quedarse tranquilamente bajo las hojas caídas. Se alimentan del abono que éstas generan al empezar a pudrirse.', 0),
('286', 'Breloom', 12, 10, 'https://raw.githubusercontent.com/PokeAPI/sprites/master/sprites/pokemon/286.png', 'Breloom se acerca al enemigo realizando un juego de piernas ágil y enérgico. Y, a continuación, le da unos puñetazos con los brazos elásticos que tiene. Las técnicas de lucha que usa dejan en ridículo al boxeador más profesional.', 0),
('287', 'Slakoth', 11, null, 'https://raw.githubusercontent.com/PokeAPI/sprites/master/sprites/pokemon/287.png', 'Slakoth se pasa más de veinte horas al día tumbado. Como se mueve tan poco, necesita muy poca comida. De hecho, la única toma que hace al día la componen tan solo tres hojas.', 0),
('288', 'Vigoroth', 11, null, 'https://raw.githubusercontent.com/PokeAPI/sprites/master/sprites/pokemon/288.png', 'Vigoroth está continuamente inquieto, rabiando por salir corriendo sin control. Estar quieto un solo minuto es superior a sus fuerzas. Si no puede estar en continuo movimiento, el nivel de estrés de este Pokémon se dispara.', 0),
('289', 'Slaking', 11, null, 'https://raw.githubusercontent.com/PokeAPI/sprites/master/sprites/pokemon/289.png', 'Slaking se pasa todo el día tumbado vagueando. Se come la hierba que tiene a su alcance y, una vez ha acabado con ella, se va de mala gana a otro sitio.', 0),
('290', 'Nincada', 3, 16, 'https://raw.githubusercontent.com/PokeAPI/sprites/master/sprites/pokemon/290.png', 'Nincada vive bajo tierra en la más absoluta oscuridad durante años. Este Pokémon absorbe nutrientes de las raíces de los árboles y permanece inmóvil a la espera de la evolución.', 0),
('291', 'Ninjask', 3, 18, 'https://raw.githubusercontent.com/PokeAPI/sprites/master/sprites/pokemon/291.png', 'Ninjask se mueve de un lado a otro a tal velocidad que es imposible verlo. Sin embargo, como su zumbido no deja de oírse, se pensó durante mucho tiempo que este Pokémon era invisible.', 0),
('292', 'Shedinja', 3, 6, 'https://raw.githubusercontent.com/PokeAPI/sprites/master/sprites/pokemon/292.png', 'Shedinja tiene un cuerpo robusto que no mueve en absoluto. De hecho, parece una especie de caparazón hueco. Se cree que si alguien se atreviera a mirarle por la espalda lo que tiene en su interior, Shedinja le robaría el alma.', 0),
('293', 'Whismur', 11, null, 'https://raw.githubusercontent.com/PokeAPI/sprites/master/sprites/pokemon/293.png', 'Normalmente, Whismur tiene una voz tenue, casi inaudible, aunque se preste atención. No obstante, si este Pokémon siente que el peligro acecha, puede ponerse a chillar con un volumen ensordecedor.', 0),
('294', 'Loudred', 11, null, 'https://raw.githubusercontent.com/PokeAPI/sprites/master/sprites/pokemon/294.png', 'Los bramidos de Loudred pueden echar abajo una casa reforzada con vigas de madera. Este Pokémon usa el vozarrón que tiene para castigar a sus rivales. Las orejas redondas le sirven de altavoces.', 0),
('295', 'Exploud', 11, null, 'https://raw.githubusercontent.com/PokeAPI/sprites/master/sprites/pokemon/295.png', 'Exploud provoca terremotos con el temblor que causa al levantar la voz. Si ves a este Pokémon inhalar aire por los tubos, ojo, que está a punto de soltar un buen bramido.', 0),
('296', 'Makuhita', 10, null, 'https://raw.githubusercontent.com/PokeAPI/sprites/master/sprites/pokemon/296.png', 'Makuhita es tenaz. Da igual las veces que le venzan; volverá a ponerse en pie y a atacar. De hecho, cada vez que se recupera, acumula más energía para poder evolucionar.', 0),
('297', 'Hariyama', 10, null, 'https://raw.githubusercontent.com/PokeAPI/sprites/master/sprites/pokemon/297.png', 'Hariyama practica los empujones que da estirando los brazos allá por donde va. Este Pokémon puede partir por la mitad un poste de teléfono de un enérgico golpe con los brazos estirados y las manos abiertas.', 0),
('298', 'Azurill', 11, 8, 'https://raw.githubusercontent.com/PokeAPI/sprites/master/sprites/pokemon/298.png', 'Azurill enrolla la cola como si fuera un lazo y la despliega a continuación todo lo que puede. De esta forma, un Azurill llegó a lanzarse a sí mismo hasta 10 metros.', 0),
('299', 'Nosepass', 14, null, 'https://raw.githubusercontent.com/PokeAPI/sprites/master/sprites/pokemon/299.png', 'Nosepass siempre está con el pico magnético que tiene orientado hacia el norte. Si se encuentra con otro ejemplar de su especie, no puede mirarle de frente porque sus polos magnéticos se repelen.', 0),
('300', 'Skitty', 11, null, 'https://raw.githubusercontent.com/PokeAPI/sprites/master/sprites/pokemon/300.png', 'A Skitty le encanta mover cosas e ir detrás de ellas. Es de todos sabido que se dedica a ir detrás de su propia cola y que, al final, acaba mareándose.', 0),
('301', 'Delcatty', 11, null, 'https://raw.githubusercontent.com/PokeAPI/sprites/master/sprites/pokemon/301.png', 'Delcatty prefiere llevar una vida independiente y hacer lo que se le antoje. Como este Pokémon come y duerme según vea en cada momento, no se puede decir que tenga unos hábitos regulares en el día a día.', 0),
('302', 'Sableye', 15, 6, 'https://raw.githubusercontent.com/PokeAPI/sprites/master/sprites/pokemon/302.png', 'Los Sableye hacen una vida muy tranquila en cavernas. Pero son muy temidos; se dice que, cuando los ojos les brillan de manera siniestra, están robándole el alma a alguien.', 0),
('303', 'Mawile', 1, 8, 'https://raw.githubusercontent.com/PokeAPI/sprites/master/sprites/pokemon/303.png', 'Las descomunales fauces de acero de Mawile son la evolución de unos cuernos que tuvo en su día. Con su expresión dócil puede engañar al enemigo y hacer que baje la guardia para sorprenderle con las fauces.', 0),
('304', 'Aron', 1, 14, 'https://raw.githubusercontent.com/PokeAPI/sprites/master/sprites/pokemon/304.png', 'Este Pokémon tiene el cuerpo de acero. Para mantenerlo, se alimenta del hierro que saca de las montañas. A veces, causa verdaderos problemas, pues se come puentes y vías de tren.', 0),
('305', 'Lairon', 1, 14, 'https://raw.githubusercontent.com/PokeAPI/sprites/master/sprites/pokemon/305.png', 'Lairon templa su cuerpo de acero bebiendo agua mineral muy rica en nutrientes hasta que no puede más. Este Pokémon suele crear su nido cerca de manantiales de rica agua.', 0),
('306', 'Aggron', 1, 14, 'https://raw.githubusercontent.com/PokeAPI/sprites/master/sprites/pokemon/306.png', 'Aggron marca una montaña entera como su territorio y acaba con todo lo que pueda ponerlo en peligro. Este Pokémon está continuamente patrullando la zona en defensa de su terreno.', 0),
('307', 'Meditite', 10, 13, 'https://raw.githubusercontent.com/PokeAPI/sprites/master/sprites/pokemon/307.png', 'Meditite lleva a cabo un entrenamiento mental exhaustivo en lo más profundo de las montañas. Aunque, cuando medita, pierde toda la concentración y se descentra. Por eso no deja nunca de entrenarse.', 0),
('308', 'Medicham', 10, 13, 'https://raw.githubusercontent.com/PokeAPI/sprites/master/sprites/pokemon/308.png', 'Dicen que, a través de la meditación, Medicham aumenta su energía interior y agudiza el sexto sentido que tiene. Este Pokémon suele esconderse mezclándose con el campo y las montañas.', 0),
('309', 'Electrike', 5, null, 'https://raw.githubusercontent.com/PokeAPI/sprites/master/sprites/pokemon/309.png', 'Electrike acumula electricidad en el largo pelaje que tiene. Este Pokémon estimula los músculos de las patas mediante descargas eléctricas. Estas explosiones de energía le permiten acelerar de forma increíble.', 0),
('310', 'Manectric', 5, null, 'https://raw.githubusercontent.com/PokeAPI/sprites/master/sprites/pokemon/310.png', 'Manectric está continuamente descargando electricidad por las melenas, y a veces causa incendios en el bosque con las chispas que suelta. Cuando entra en combate, este Pokémon crea nubarrones.', 0),
('311', 'Plusle', 5, null, 'https://raw.githubusercontent.com/PokeAPI/sprites/master/sprites/pokemon/311.png', 'Plusle siempre hace las veces de líder con sus compañeros. Cuando algún miembro de su grupo hace un gran esfuerzo en combate, causa un cortocircuito en su interior para mostrar con el chisporroteo su alegría.', 0),
('312', 'Minun', 5, null, 'https://raw.githubusercontent.com/PokeAPI/sprites/master/sprites/pokemon/312.png', 'Minun está más preocupado de animar a sus compañeros de equipo que de su propia seguridad. Para animar a los miembros de su grupo, crea un cortocircuito en su interior y libera un chisporroteo espectacular.', 0),
('313', 'Volbeat', 3, null, 'https://raw.githubusercontent.com/PokeAPI/sprites/master/sprites/pokemon/313.png', 'Cuando llega la noche, Volbeat emite luz por la cola y regula la intensidad y el destello para comunicarse con el resto. A este Pokémon le atrae el dulce aroma de Illumise.', 0),
('314', 'Illumise', 3, null, 'https://raw.githubusercontent.com/PokeAPI/sprites/master/sprites/pokemon/314.png', 'Illumise atrae mediante su dulce aroma a enjambres de Volbeat. Una vez los ha agrupado, les guía en el vuelo para que dibujen formas geométricas en el lienzo del oscuro cielo.', 0),
('315', 'Roselia', 12, 17, 'https://raw.githubusercontent.com/PokeAPI/sprites/master/sprites/pokemon/315.png', 'Roselia lanza finas espinas a todo el que se le acerca con intención de robarle las flores de los brazos. El aroma de este Pokémon resulta relajante a los seres vivos.', 0),
('316', 'Gulpin', 17, null, 'https://raw.githubusercontent.com/PokeAPI/sprites/master/sprites/pokemon/316.png', 'Casi la totalidad del cuerpo de Gulpin está compuesto por el estómago. Por eso puede tragarse todo lo que tenga su tamaño. En el interior del estómago, tiene un fluido capaz de corroerlo todo.', 0),
('317', 'Swalot', 17, null, 'https://raw.githubusercontent.com/PokeAPI/sprites/master/sprites/pokemon/317.png', 'Cuando Swalot detecta una presa, echa por los poros y a borbotones un fluido tóxico espantoso y rocía a su víctima. Una vez la debilita, se la traga entera gracias a la gigantesca boca que tiene.', 0),
('318', 'Carvanha', 2, 15, 'https://raw.githubusercontent.com/PokeAPI/sprites/master/sprites/pokemon/318.png', 'Carvanha, gracias a las descomunales fauces de afilados colmillos que tiene, es capaz de hacer trizas un barco. Son muchas las naves que han sufrido el ataque de este Pokémon y han acabado naufragando.', 0),
('319', 'Sharpedo', 2, 15, 'https://raw.githubusercontent.com/PokeAPI/sprites/master/sprites/pokemon/319.png', 'Conocido como "el terror de los mares", Sharpedo es temido por todos. Si este Pokémon pierde las escalofriantes mandíbulas que tiene, las recupera en breve. Basta con un Sharpedo para destrozar un buque-cisterna.', 0),
('320', 'Wailmer', 2, null, 'https://raw.githubusercontent.com/PokeAPI/sprites/master/sprites/pokemon/320.png', 'Wailmer tiene los espiráculos encima de la cabeza. A este juguetón Pokémon le encanta asustar a la gente expulsando el agua que acumula a través de estos orificios.', 0),
('321', 'Wailord', 2, null, 'https://raw.githubusercontent.com/PokeAPI/sprites/master/sprites/pokemon/321.png', 'Wailord es el mayor Pokémon registrado hasta la fecha. Este coloso va nadando lánguidamente por el ancho mar con la boca abierta para que penetre la mayor cantidad posible de alimento.', 0),
('322', 'Numel', 7, 16, 'https://raw.githubusercontent.com/PokeAPI/sprites/master/sprites/pokemon/322.png', 'Numel tarda en percibir las cosas (no se entera ni cuando lo golpean). Pero se da cuenta enseguida de si tiene hambre. El cuerpo de este Pokémon es un caldero de magma hirviendo.', 0),
('323', 'Camerupt', 7, 16, 'https://raw.githubusercontent.com/PokeAPI/sprites/master/sprites/pokemon/323.png', 'Camerupt encierra un volcán en su interior y un magma de 10.000 grados centígrados que le recorre el cuerpo. A veces, las jorobas de la espalda entran en erupción y escupen el abrasivo magma.', 0),
('324', 'Torkoal', 7, null, 'https://raw.githubusercontent.com/PokeAPI/sprites/master/sprites/pokemon/324.png', 'Torkoal va cavando por las montañas en busca de carbón. Cuando lo encuentra, rellena los huecos que tiene dentro del caparazón y lo quema. Si le atacan, este Pokémon echa un humo negro que le permite la retirada.', 0),
('325', 'Spoink', 13, null, 'https://raw.githubusercontent.com/PokeAPI/sprites/master/sprites/pokemon/325.png', 'Spoink se pasa todo el día saltando sobre la cola. Con cada salto, hace latir el corazón. Por eso no puede permitirse dejar de saltar. Si lo hace, se le parará el corazón.', 0),
('326', 'Grumpig', 13, null, 'https://raw.githubusercontent.com/PokeAPI/sprites/master/sprites/pokemon/326.png', 'Grumpig usa las perlas negras que tiene para amplificar las ondas de su poder psíquico y controlar del todo al rival. Cuando usa su poder especial, se le cansa la respiración y resopla con pesadez.', 0),
('327', 'Spinda', 11, null, 'https://raw.githubusercontent.com/PokeAPI/sprites/master/sprites/pokemon/327.png', 'Dicen que no hay dos Spinda que tengan los mismos dibujos en el pelaje. Este Pokémon tiene una forma de andar inestable, va tambaleándose. Da la sensación de ir bailando.', 0),
('328', 'Trapinch', 16, null, 'https://raw.githubusercontent.com/PokeAPI/sprites/master/sprites/pokemon/328.png', 'El nido de Trapinch está situado bajo la arena, en una zona cóncava. Este Pokémon espera con paciencia a que su presa caiga en la misma. Con las fauces que tiene puede destruir hasta piedras.', 0),
('329', 'Vibrava', 16, 4, 'https://raw.githubusercontent.com/PokeAPI/sprites/master/sprites/pokemon/329.png', 'Para debilitar a su víctima, Vibrava genera ondas ultrasónicas haciendo vibrar con fuerza las alas. Las ondas que crea son tan fuertes que pueden dar dolor de cabeza a la gente.', 0),
('330', 'Flygon', 16, 4, 'https://raw.githubusercontent.com/PokeAPI/sprites/master/sprites/pokemon/330.png', 'A Flygon se le conoce como "el alma del desierto". Al volar, como levanta una nube de arena al batir las alas, está siempre envuelto en una tormenta de arena.', 0),
('331', 'Cacnea', 12, null, 'https://raw.githubusercontent.com/PokeAPI/sprites/master/sprites/pokemon/331.png', 'Cacnea habita en desiertos y otras zonas áridas. Para atraer a su presa, libera un fuerte aroma por la flor y, cuando se le acerca, le lanza pinchos por todo el cuerpo para reducirla.', 0),
('332', 'Cacturne', 12, 15, 'https://raw.githubusercontent.com/PokeAPI/sprites/master/sprites/pokemon/332.png', 'Durante el día, Cacturne permanece inmóvil para no perder nada de humedad bajo el sol de justicia del desierto. Este Pokémon entra en acción por la noche, cuando bajan las temperaturas.', 0),
('333', 'Swablu', 11, 18, 'https://raw.githubusercontent.com/PokeAPI/sprites/master/sprites/pokemon/333.png', 'Swablu tiene unas alas ligeras y esponjosas que parecen nubes de algodón. A este Pokémon no le asusta la gente. De hecho, se te puede posar en la cabeza y servirte de gorro sedoso.', 0),
('334', 'Altaria', 4, 18, 'https://raw.githubusercontent.com/PokeAPI/sprites/master/sprites/pokemon/334.png', 'Altaria baila y revolotea por el cielo entre ondeantes nubes que parecen de algodón. Al entonar melodías con su voz cristalina, este Pokémon deja a sus oyentes embobados y admirados.', 0),
('335', 'Zangoose', 11, null, 'https://raw.githubusercontent.com/PokeAPI/sprites/master/sprites/pokemon/335.png', 'Los ecos del combate mantenido con su rival más feroz, Seviper, resuenan aún en cada célula de Zangoose. Este Pokémon esquiva los ataques con auténtica destreza.', 0),
('336', 'Seviper', 17, null, 'https://raw.githubusercontent.com/PokeAPI/sprites/master/sprites/pokemon/336.png', 'Seviper lleva años de gran enemistad con Zangoose. Las cicatrices que tiene por todo el cuerpo dan buena muestra de los encarnizados combates en los que se han enfrentado. Seviper ataca usando su cola con forma de espada.', 0),
('337', 'Lunatone', 14, 13, 'https://raw.githubusercontent.com/PokeAPI/sprites/master/sprites/pokemon/337.png', 'Lunatone fue descubierto en el lugar de impacto de un meteorito. Por eso, hay quien especula con la idea de que procede del espacio. Con todo, hasta el día de hoy nadie ha podido probar esta teoría.', 0),
('338', 'Solrock', 14, 13, 'https://raw.githubusercontent.com/PokeAPI/sprites/master/sprites/pokemon/338.png', 'Solrock pertenece a una nueva especie de Pokémon a la que se le atribuye una procedencia extraterrestre. Este Pokémon permanece flotando en el aire y se mueve muy despacio. Al luchar, desprende una luz viva e intensa.', 0),
('339', 'Barboach', 2, 16, 'https://raw.githubusercontent.com/PokeAPI/sprites/master/sprites/pokemon/339.png', 'Barboach tiene unos bigotes sensibles que le sirven de infalible radar. Este Pokémon se sumerge en lodo y sólo deja los bigotes por fuera de la superficie, al acecho, mientras espera a que llegue su presa.', 0),
('340', 'Whiscash', 2, 16, 'https://raw.githubusercontent.com/PokeAPI/sprites/master/sprites/pokemon/340.png', 'Whiscash defiende su territorio a toda costa. Es capaz de apoderarse de un estanque entero para sí solo. Si alguien se le acerca, se revolverá y provocará un terremoto devastador.', 0),
('341', 'Corphish', 2, null, 'https://raw.githubusercontent.com/PokeAPI/sprites/master/sprites/pokemon/341.png', 'En un principio, se importaban Corphish como mascota. Pero, al final, se hicieron salvajes. Este Pokémon es muy resistente y ha aumentado su población de forma considerable.', 0),
('342', 'Crawdaunt', 2, 15, 'https://raw.githubusercontent.com/PokeAPI/sprites/master/sprites/pokemon/342.png', 'Crawdaunt es de una naturaleza extremadamente violenta que le lleva a desafiar a otros seres vivos. Hay formas de vida que se niegan a vivir en los estanques donde habitan estos Pokémon, y los dejan medio vacíos.', 0),
('343', 'Baltoy', 16, 13, 'https://raw.githubusercontent.com/PokeAPI/sprites/master/sprites/pokemon/343.png', 'Baltoy se mueve girando alrededor de sí mismo sobre la extremidad inferior que tiene. En unas ruinas antiguas, descubrieron pinturas rupestres en las que aparecía este Pokémon conviviendo con personas.', 0),
('344', 'Claydol', 16, 13, 'https://raw.githubusercontent.com/PokeAPI/sprites/master/sprites/pokemon/344.png', 'Dicen que los Claydol son figuras de barro hechas por humanos primitivos. Y dicen también que cobraron vida gracias a un misterioso rayo. Este Pokémon se mueve mientras levita.', 0),
('345', 'Lileep', 14, 12, 'https://raw.githubusercontent.com/PokeAPI/sprites/master/sprites/pokemon/345.png', 'Los Lileep se extinguieron hace unos cien millones de años aproximadamente. Este Pokémon se ancla a una roca en el fondo del mar y atrapa a las presas que se le acercan con los tentáculos que tiene en forma de pétalos de flor.', 0),
('346', 'Cradily', 14, 12, 'https://raw.githubusercontent.com/PokeAPI/sprites/master/sprites/pokemon/346.png', 'Cradily va por el fondo oceánico sin rumbo fijo en busca de comida. El cuello de este Pokémon se parece al tronco de un árbol. Cuando quiere atrapar a su presa desprevenida, lo estira y usa los ocho tentáculos que tiene.', 0),
('347', 'Anorith', 14, 3, 'https://raw.githubusercontent.com/PokeAPI/sprites/master/sprites/pokemon/347.png', 'Anorith se regeneró a partir de un fósil prehistórico. Este Pokémon primitivo vivió en una ocasión en mares cálidos. Para cazar, utiliza las grandes pinzas que tiene y agarra con firmeza a su víctima con ellas.', 0),
('348', 'Armaldo', 14, 3, 'https://raw.githubusercontent.com/PokeAPI/sprites/master/sprites/pokemon/348.png', 'Armaldo tiene una sólida armadura que repele cualquier ataque. Este Pokémon puede estirar o encoger todo lo que quiera las pinzas que tiene. Con ellas, puede atravesar una plancha de acero.', 0),
('349', 'Feebas', 2, null, 'https://raw.githubusercontent.com/PokeAPI/sprites/master/sprites/pokemon/349.png', 'Feebas tiene las aletas melladas y rasgadas desde que nace. Debido a este aspecto poco imponente, son pocos los que lo tienen en cuenta. Este Pokémon puede vivir tanto en agua salada como dulce.', 0),
('350', 'Milotic', 2, null, 'https://raw.githubusercontent.com/PokeAPI/sprites/master/sprites/pokemon/350.png', 'De Milotic se dice que es el Pokémon más bello. Tiene la capacidad de calmar sentimientos tales como el miedo y la hostilidad, y apaciguar las relaciones de áspera enemistad.', 0),
('351', 'Castform', 11, null, 'https://raw.githubusercontent.com/PokeAPI/sprites/master/sprites/pokemon/351.png', 'El tipo de Castform cambia con las variaciones del tiempo. Este Pokémon consiguió aprender a usar el gran poder de la Naturaleza para proteger el pequeño cuerpo que tiene.', 0),
('352', 'Kecleon', 11, null, 'https://raw.githubusercontent.com/PokeAPI/sprites/master/sprites/pokemon/352.png', 'Kecleon puede alterar la pigmentación de la piel para mezclarse con su entorno. Lo único que no es capaz de cambiar es el trazado en zigzag que tiene en la panza.', 0),
('353', 'Shuppet', 6, null, 'https://raw.githubusercontent.com/PokeAPI/sprites/master/sprites/pokemon/353.png', 'A Shuppet le atraen los sentimientos de celos y rencor. Si alguien desarrolla fuertes sentimientos de venganza, aparecerá una multitud de Shuppet que se quedará bajo los aleros de su casa.', 0),
('354', 'Banette', 6, null, 'https://raw.githubusercontent.com/PokeAPI/sprites/master/sprites/pokemon/354.png', 'Banette genera energía para echar un infalible hechizo clavándose púas a sí mismo. Los orígenes de este Pokémon son algo tristes: era un muñeco de felpa al que tiraron a la basura.', 0),
('355', 'Duskull', 6, null, 'https://raw.githubusercontent.com/PokeAPI/sprites/master/sprites/pokemon/355.png', 'Duskull puede atravesar los muros, sea cual sea el grosor que tengan. Cuando este Pokémon elige su objetivo, lo persigue hábilmente hasta el amanecer.', 0),
('356', 'Dusclops', 6, null, 'https://raw.githubusercontent.com/PokeAPI/sprites/master/sprites/pokemon/356.png', 'Dusclops está completamente hueco por dentro. Dicen que su cuerpo es como un agujero negro. Este Pokémon es capaz de absorber cualquier cosa, pero cosa que absorba, cosa que no dejará salir nunca más.', 0),
('357', 'Tropius', 12, 18, 'https://raw.githubusercontent.com/PokeAPI/sprites/master/sprites/pokemon/357.png', 'A los niños les encantan los racimos de fruta que Tropius tiene en el cuello. Este Pokémon siempre come fruta; le encanta. De hecho, ése parece ser el motivo por el que él mismo da fruta.', 0),
('358', 'Chimecho', 13, null, 'https://raw.githubusercontent.com/PokeAPI/sprites/master/sprites/pokemon/358.png', 'Chimecho hace que sus gritos resuenen con eco en su interior. Cuando se enfada, los chillidos se convierten en ondas ultrasónicas capaces de derribar a los enemigos voladores.', 0),
('359', 'Absol', 15, null, 'https://raw.githubusercontent.com/PokeAPI/sprites/master/sprites/pokemon/359.png', 'Cada vez que Absol aparece ante la gente, ocurre una catástrofe natural como un terremoto o un maremoto. Por esta razón se le conoce como el Pokémon de las catástrofes.', 0),
('360', 'Wynaut', 13, null, 'https://raw.githubusercontent.com/PokeAPI/sprites/master/sprites/pokemon/360.png', 'Wynaut está siempre con una gran sonrisa puesta. Para ver si está enfadado, basta con mirarle la cola. Cuando se le molesta, se pone a dar golpetazos en el suelo.', 0),
('361', 'Snorunt', 9, null, 'https://raw.githubusercontent.com/PokeAPI/sprites/master/sprites/pokemon/361.png', 'Snorunt vive en zonas de grandes nevadas. En primavera y verano (cuando no nieva), se retira a las cavernas para vivir tranquilamente entre estalactitas y estalagmitas.', 0),
('362', 'Glalie', 9, null, 'https://raw.githubusercontent.com/PokeAPI/sprites/master/sprites/pokemon/362.png', 'Glalie endurece el cuerpo rocoso que tiene con una coraza de hielo. Este Pokémon tiene la habilidad de congelar la humedad del ambiente y formar la figura que se le antoje.', 0),
('363', 'Spheal', 9, 2, 'https://raw.githubusercontent.com/PokeAPI/sprites/master/sprites/pokemon/363.png', 'Spheal se desplaza por el suelo más rápido rodando que caminando. Cuando come con otros de su especie, todos se ponen a aplaudir para expresar su alegría. Por eso, a veces son algo escandalosos.', 0),
('364', 'Sealeo', 9, 2, 'https://raw.githubusercontent.com/PokeAPI/sprites/master/sprites/pokemon/364.png', 'Cada vez que Sealeo ve algo nuevo, se lo pone en el morro y empieza a darle vueltas. A veces, para entretenerse, hace lo mismo con un Spheal.', 0),
('365', 'Walrein', 9, 2, 'https://raw.githubusercontent.com/PokeAPI/sprites/master/sprites/pokemon/365.png', 'Walrein tiene unos exagerados colmillos con los que puede hacer añicos bloques de hielo de hasta 10 toneladas de una sola dentellada. La gruesa capa de grasa de ballena que lo recubre le protege de temperaturas inferiores a 0 grados.', 0),
('366', 'Clamperl', 2, null, 'https://raw.githubusercontent.com/PokeAPI/sprites/master/sprites/pokemon/366.png', 'La sólida concha que rodea a Clamperl no sólo le sirve para protegerse, sino también para poner un cepo y atrapar a su presa. Cuando la concha alcanza su mayor tamaño, presenta muescas y rasguños por todas partes.', 0),
('367', 'Huntail', 2, null, 'https://raw.githubusercontent.com/PokeAPI/sprites/master/sprites/pokemon/367.png', 'Huntail ha pasado desapercibido durante mucho tiempo por vivir en las profundidades del mar. El sentido de la vista de este Pokémon le permite ver en las oscuras y lodosas profundidades del océano.', 0),
('368', 'Gorebyss', 2, null, 'https://raw.githubusercontent.com/PokeAPI/sprites/master/sprites/pokemon/368.png', 'Gorebyss vive en los Mares del Sur, en lo más profundo; de ahí que tenga el cuerpo preparado para soportar la presión tan grande que hay en el fondo marino, y que no le hagan daño los ataques comunes.', 0),
('369', 'Relicanth', 2, 14, 'https://raw.githubusercontent.com/PokeAPI/sprites/master/sprites/pokemon/369.png', 'Relicanth pertenece a una especie de Pokémon que lleva millones de años sin cambiar de forma. Este ancestral Pokémon se alimenta de microorganismos por la boca desdentada que tiene.', 0),
('370', 'Luvdisc', 2, null, 'https://raw.githubusercontent.com/PokeAPI/sprites/master/sprites/pokemon/370.png', 'Luvdisc vive en aguas tropicales poco profundas. Este Pokémon con forma de corazón se ha ganado la reputación que tiene por ir nadando detrás de las parejas de enamorados que veía entre las olas del océano.', 0),
('371', 'Bagon', 4, null, 'https://raw.githubusercontent.com/PokeAPI/sprites/master/sprites/pokemon/371.png', 'Bagon sueña con poder pasar un día volando por el cielo. En vanos intentos por volar, ha llegado a tirarse desde riscos. Como resultado de estas caídas en picado, se le ha puesto la cabeza dura como las piedras.', 0),
('372', 'Shelgon', 4, null, 'https://raw.githubusercontent.com/PokeAPI/sprites/master/sprites/pokemon/372.png', 'Dentro de la capa acorazada de Shelgon, las células están en pleno proceso de creación de un cuerpo nuevo. El peso de la coraza le hace tener unos movimientos lentos.', 0),
('373', 'Salamence', 4, 18, 'https://raw.githubusercontent.com/PokeAPI/sprites/master/sprites/pokemon/373.png', 'Salamence surgió del profundo deseo de tener alas. Dicen que este fuerte deseo fue lo que causó la repentina mutación de las células y el crecimiento de las alas.', 0),
('374', 'Beldum', 1, 13, 'https://raw.githubusercontent.com/PokeAPI/sprites/master/sprites/pokemon/374.png', 'En lugar de sangre, Beldum tiene una poderosa fuerza magnética corriéndole por las venas. Este Pokémon se comunica enviando controlados impulsos magnéticos.', 0),
('375', 'Metang', 1, 13, 'https://raw.githubusercontent.com/PokeAPI/sprites/master/sprites/pokemon/375.png', 'Cuando dos Beldum se fusionan, forman un Metang. Los cerebros de los Beldum se unen mediante un sistema nervioso magnético y generan potente energía psicoquinética.', 0),
('376', 'Metagross', 1, 13, 'https://raw.githubusercontent.com/PokeAPI/sprites/master/sprites/pokemon/376.png', 'Metagross tiene cuatro cerebros en total que, combinados, son capaces de resolver cálculos complicados más rápido que el mejor ordenador que haya. Metagross puede flotar en el aire si mete las patas hacia adentro.', 0),
('377', 'Regirock', 14, null, 'https://raw.githubusercontent.com/PokeAPI/sprites/master/sprites/pokemon/377.png', 'A Regirock lo mantuvieron encerrado y lejos hace tiempo. Dicen que, si resulta dañado en combate, se pone él mismo a buscar piedras parecidas a las suyas y se las pone para recomponerse.', 1),
('378', 'Regice', 9, null, 'https://raw.githubusercontent.com/PokeAPI/sprites/master/sprites/pokemon/378.png', 'Regice surgió durante la edad de hielo. El cuerpo de este Pokémon está totalmente congelado, ni siquiera el fuego puede derretirlo. Regice libera y regula un aire gélido de - 200 grados centígrados.', 1),
('379', 'Registeel', 1, null, 'https://raw.githubusercontent.com/PokeAPI/sprites/master/sprites/pokemon/379.png', 'No hay metal que supere en dureza el cuerpo de Registeel, que tiene aspecto de estar hueco. Nadie sabe de qué se alimenta este Pokémon.', 1),
('380', 'Latias', 4, 13, 'https://raw.githubusercontent.com/PokeAPI/sprites/master/sprites/pokemon/380.png', 'Latias es muy sensible a los sentimientos de la gente. Si detecta algún ápice de hostilidad, desplegará las plumas que tiene por todo el cuerpo y se pondrá a chillar para intimidar al enemigo.', 1),
('381', 'Latios', 4, 13, 'https://raw.githubusercontent.com/PokeAPI/sprites/master/sprites/pokemon/381.png', 'Latios tiene la habilidad de hacer que su rival vea algo que él ha visto o imaginado. Este Pokémon es muy inteligente. Es capaz de entender el lenguaje humano.', 1),
('382', 'Kyogre', 2, null, 'https://raw.githubusercontent.com/PokeAPI/sprites/master/sprites/pokemon/382.png', 'Kyogre es capaz de crear grandes cantidades de nubarrones, cubrir el cielo y desatar lluvias torrenciales. Este Pokémon ha salvado de la sequía a mucha gente.', 1),
('383', 'Groudon', 16, null, 'https://raw.githubusercontent.com/PokeAPI/sprites/master/sprites/pokemon/383.png', 'A Groudon siempre se le ha descrito en mitología como el Pokémon que elevó la tierra y expandió los continentes. Tras un combate contra Kyogre que acabó en cataclismo, se echó a dormir.', 1),
('384', 'Rayquaza', 4, 18, 'https://raw.githubusercontent.com/PokeAPI/sprites/master/sprites/pokemon/384.png', 'Rayquaza vivió durante cientos de millones de años en la capa de ozono sin bajar a la tierra ni una vez. Según parece, este Pokémon se alimentaba del agua y las partículas que había en la atmósfera.', 1),
('385', 'Jirachi', 1, 13, 'https://raw.githubusercontent.com/PokeAPI/sprites/master/sprites/pokemon/385.png', 'Cuenta la leyenda que Jirachi hará realidad el deseo que se le escriba en las notas que lleva en la cabeza cuando las lea al despertarse. Si este Pokémon siente peligro, luchará sin haber llegado a despertarse.', 1),
('386', 'Deoxys', 13, null, 'https://raw.githubusercontent.com/PokeAPI/sprites/master/sprites/pokemon/386.png', 'Tras estar expuesto a un rayo láser, el ADN de un virus espacial sufrió una mutación y dio origen a Deoxys. Según parece, el órgano cristalino que este Pokémon tiene en el torso es el cerebro.', 1),
('387', 'Turtwig', 12, null, 'https://raw.githubusercontent.com/PokeAPI/sprites/master/sprites/pokemon/387.png', 'La concha de su espalda es de tierra y se endurece cuando bebe agua. Vive cerca de los lagos. Realiza la fotosíntesis para obtener oxígeno. Si tiene sed, las hojas de la cabeza se marchitan.', 0),
('388', 'Grotle', 12, null, 'https://raw.githubusercontent.com/PokeAPI/sprites/master/sprites/pokemon/388.png', 'Vive en los bosques cerca del agua. Por el día, sale a que les dé el sol a las plantas de su espalda. Su concha es tierra dura. Algunos Pokémon picotean las bayas que crecen en su espalda.', 0),
('389', 'Torterra', 12, 16, 'https://raw.githubusercontent.com/PokeAPI/sprites/master/sprites/pokemon/389.png', 'Algunos Pokémon pequeños se juntan en su espalda para hacer sus nidos. Muchos confunden los grupos de Torterra que migran en busca de agua con bosques vivientes.', 0),
('390', 'Chimchar', 7, null, 'https://raw.githubusercontent.com/PokeAPI/sprites/master/sprites/pokemon/390.png', 'Escala acantilados escarpados con agilidad. Vive en las montañas y su fuego se apaga cuando duerme. El gas de su panza alimenta el fuego de su parte trasera, que ni la lluvia puede extinguir.', 0),
('391', 'Monferno', 7, 10, 'https://raw.githubusercontent.com/PokeAPI/sprites/master/sprites/pokemon/391.png', 'Intimida a sus enemigos desplegando el fuego de su cola para parecer más grande. Utiliza techos y paredes para lanzar ataques aéreos. También emplea su cola ígnea como arma.', 0),
('392', 'Infernape', 7, 10, 'https://raw.githubusercontent.com/PokeAPI/sprites/master/sprites/pokemon/392.png', 'Utiliza un tipo especial de artes marciales con todos sus miembros. Su fuego nunca se extingue. Su corona de fuego demuestra su naturaleza ígnea. Nadie le gana en velocidad.', 0),
('393', 'Piplup', 2, null, 'https://raw.githubusercontent.com/PokeAPI/sprites/master/sprites/pokemon/393.png', 'Es muy orgulloso, por lo que odia aceptar comida de la gente. Su grueso plumón le protege del frío. Vive en las costas de los países nórdicos. Es un gran nadador y puede bucear más de 10 minutos.', 0),
('394', 'Prinplup', 2, null, 'https://raw.githubusercontent.com/PokeAPI/sprites/master/sprites/pokemon/394.png', 'Vive solo, alejado de los demás. Cada uno piensa que es el más importante. Los golpes de sus alas pueden partir los árboles más gruesos. Busca sus presas en aguas heladas.', 0),
('395', 'Empoleon', 2, 1, 'https://raw.githubusercontent.com/PokeAPI/sprites/master/sprites/pokemon/395.png', 'Los tres cuernos de su pico son muestra de su fuerza. El líder tiene los cuernos más grandes. Nada tan rápido como un fueraborda. Con los afiliados bordes de sus alas puede cortar el hielo.', 0),
('396', 'Starly', 11, 18, 'https://raw.githubusercontent.com/PokeAPI/sprites/master/sprites/pokemon/396.png', 'Viaja en grandes bandadas. Aunque es pequeño, agita las alas con gran fuerza. Suele volar en bandadas, pero pasa desapercibido cuando está solo. Chilla de forma estridente.', 0),
('397', 'Staravia', 11, 18, 'https://raw.githubusercontent.com/PokeAPI/sprites/master/sprites/pokemon/397.png', 'Vuela por bosques y campos en busca de Pokémon de tipo Bicho. Siempre va en bandadas. Vive en bosques y campos. Si dos bandadas se encuentran, pelean por el territorio.', 0),
('398', 'Staraptor', 11, 18, 'https://raw.githubusercontent.com/PokeAPI/sprites/master/sprites/pokemon/398.png', 'Tiene un carácter salvaje. No duda en desafiar a rivales mucho mayores. Sus alas y sus patas son muy fuertes. Puede llevarse volando Pokémon pequeños.', 0),
('399', 'Bidoof', 11, null, 'https://raw.githubusercontent.com/PokeAPI/sprites/master/sprites/pokemon/399.png', 'Tiene nervios de acero y nada puede perturbarlo. Es más ágil y activo de lo que aparenta. Roe constantemente los troncos y las rocas para limarse los dientes. Anida cerca del agua.', 0),
('400', 'Bibarel', 11, 2, 'https://raw.githubusercontent.com/PokeAPI/sprites/master/sprites/pokemon/400.png', 'Para anidar, crea presas en los ríos con maderas y barro. Tiene fama de trabajador. Fuera del agua es muy lento, pero puede nadar tan rápido como un Feebas.', 0),
('401', 'Kricketot', 3, null, 'https://raw.githubusercontent.com/PokeAPI/sprites/master/sprites/pokemon/401.png', 'Al agitar la cabeza de atrás hacia delante, sus antenas chocan y suenan como un xilófono. hablan entre sí chocando las antenas. Los sonidos producidos son muy característicos.', 0),
('402', 'Kricketune', 3, null, 'https://raw.githubusercontent.com/PokeAPI/sprites/master/sprites/pokemon/402.png', 'Cuando llora, cruza sus brazos con forma de cuchillo. Puede improvisar melodias. Los científicos tratan de estudiar sus melodías, que son reflejo de sus emociones.', 0),
('403', 'Shinx', 5, null, 'https://raw.githubusercontent.com/PokeAPI/sprites/master/sprites/pokemon/403.png', 'Si siente peligro, todo su pelaje brilla. Aprovecha la ceguera temporal de su rival para huir. Los músculos de sus patas delanteras generan electricidad. Si está en peligro, brilla.', 0),
('404', 'Luxio', 5, null, 'https://raw.githubusercontent.com/PokeAPI/sprites/master/sprites/pokemon/404.png', 'Sus garras emiten electricidad que puede debilitar a sus rivales. Viven en grupos pequeños. Para comunicarse, se tocan con las patas delanteras y transmiten pulsos eléctricos con las garras.', 0),
('405', 'Luxray', 5, null, 'https://raw.githubusercontent.com/PokeAPI/sprites/master/sprites/pokemon/405.png', 'Sus ojos pueden ver a través de todo. Localiza a las presas detrás de objetos y las captura. Cuando sus ojos brillan como el oro, puede ver presas escondidas, incluso detrás de un muro.', 0),
('406', 'Budew', 12, 17, 'https://raw.githubusercontent.com/PokeAPI/sprites/master/sprites/pokemon/406.png', 'En invierno cierra su capullo para protegerse del frío. En primavera, el capullo se abre y esparce polen. Vive junto a los estanques de agua clara. Esparce polen que provoca estornudos.', 0),
('407', 'Roserade', 12, 17, 'https://raw.githubusercontent.com/PokeAPI/sprites/master/sprites/pokemon/407.png', 'Atrae a las presas con un dulce aroma y las derrota con los látigos espinosos de sus brazos. Se mueve como un bailarín y golpea con látigos repletos de púas venenosas.', 0),
('408', 'Cranidos', 14, null, 'https://raw.githubusercontent.com/PokeAPI/sprites/master/sprites/pokemon/408.png', 'Vivía en la jungla hace unos 100 millones de años. Su cráneo es tan duro como el hierro. Fue recreado a partir de un fósil con forma esférica. Derriba a las presas a cabezazos.', 0),
('409', 'Rampardos', 14, null, 'https://raw.githubusercontent.com/PokeAPI/sprites/master/sprites/pokemon/409.png', 'Su potente cabezazo puede hacer añicos cualquier cosa. Su cráneo es duro como el hierro. Es tan bruto que destroza la jungla cuando persigue presas.', 0),
('410', 'Shieldon', 14, 1, 'https://raw.githubusercontent.com/PokeAPI/sprites/master/sprites/pokemon/410.png', 'Vivía en la jungla hace unos 100 millones de años. Su protección facial es tremendamente dura. Se abrillanta la cara frotándola contra los árboles. Es vulnerable a los ataques por la espalda.', 0),
('411', 'Bastiodon', 14, 1, 'https://raw.githubusercontent.com/PokeAPI/sprites/master/sprites/pokemon/411.png', 'Repele cualquier ataque frontal. Es muy dócil y se alimenta de hierba y bayas. Cuando son atacados, forman una barrera con el escudo de sus caras para proteger a sus crías.', 0),
('412', 'Burmy', 3, null, 'https://raw.githubusercontent.com/PokeAPI/sprites/master/sprites/pokemon/412.png', 'Para protegerse de los fríos vientos invernales, se cubre con un caparazón de ramas y hojas. Si su caparazón se rompe en combate, lo rehace rápidamente con lo que tenga a mano.', 0),
('413', 'Wormadam', 3, 12, 'https://raw.githubusercontent.com/PokeAPI/sprites/master/sprites/pokemon/413.png', 'Cuando Burmy evolucionó, su caparazón pasó a formar parte de este Pokémon. Su apariencia varía según dónde evolucione. Los materiales que haya pasan a formar parte de su cuerpo.', 0),
('414', 'Mothim', 3, 18, 'https://raw.githubusercontent.com/PokeAPI/sprites/master/sprites/pokemon/414.png', 'Le encanta la miel de las flores y roba la que recoge Combee. No tiene nido. Vuela sobre los campos y las montañas en busca de miel floral.', 0),
('415', 'Combee', 3, 18, 'https://raw.githubusercontent.com/PokeAPI/sprites/master/sprites/pokemon/415.png', 'Está formado por otros tres Pokémon. Le lleva miel floral a Vespiquen. Almacenan miel en su colonia. Por la noche, se apiñan para formar una colmena y dormir.', 0),
('416', 'Vespiquen', 3, 18, 'https://raw.githubusercontent.com/PokeAPI/sprites/master/sprites/pokemon/416.png', 'Su abdomen es un panal de larvas que alimenta con la miel recogida por Combee. Si está en peligro, ataca con larvas de su panal de seis celdas. Solo hay uno por colonia.', 0),
('417', 'Pachirisu', 5, null, 'https://raw.githubusercontent.com/PokeAPI/sprites/master/sprites/pokemon/417.png', 'Crea bolas de pelo que crepitan con electricidad estática. Las almacena en agujeros de árboles. Genera electricidad con las bolsas de sus mejillas y suelta descargas con su cola. Vive en los árboles.', 0),
('418', 'Buizel', 2, null, 'https://raw.githubusercontent.com/PokeAPI/sprites/master/sprites/pokemon/418.png', 'Posee un flotador en forma de collar hinchable. Flota en el agua con la cabeza fuera. Nada rotando sus dos colas a modo de tornillo. Cuando bucea, el flotador se pliega.', 0),
('419', 'Floatzel', 2, null, 'https://raw.githubusercontent.com/PokeAPI/sprites/master/sprites/pokemon/419.png', 'Nada gracias a su flotador. Ayuda en los rescates de gente que se está ahogando. Su flotador se desarrolló a raíz de perseguir presas acuáticas. También sirve como balsa.', 0),
('420', 'Cherubi', 12, null, 'https://raw.githubusercontent.com/PokeAPI/sprites/master/sprites/pokemon/420.png', 'La pequeña esfera, dulce y sabrosa, contiene los nutrientes necesarios para evolucionar. Bajo la luz solar es rojo. La esfera pequeña pierde sus nutrientes y se seca para anunciar la evolución.', 0),
('421', 'Cherrim', 12, null, 'https://raw.githubusercontent.com/PokeAPI/sprites/master/sprites/pokemon/421.png', 'Florece en épocas de mucha luz solar. Intenta compensar lo que soportó como capullo. Es muy dócil como capullo y alegre cuando florece. Si la luz solar mengua, se transforma en capullo.', 0),
('422', 'Shellos', 2, null, 'https://raw.githubusercontent.com/PokeAPI/sprites/master/sprites/pokemon/422.png', 'El color y la forma varían según la región. En Sinnoh, hay dos tipos confirmados. Vive cerca del agua. La forma de su cuerpo ha cambiado para adaptarse al hábitat.', 0),
('423', 'Gastrodon', 2, 16, 'https://raw.githubusercontent.com/PokeAPI/sprites/master/sprites/pokemon/423.png', 'Posee un cuerpo flexible sin huesos. Si pierde alguna parte, le vuelve a crecer. Al parecer, hace mucho tiempo tenía una gran concha protectora. Vive en aguas poco profundas.', 0),
('424', 'Ambipom', 11, null, 'https://raw.githubusercontent.com/PokeAPI/sprites/master/sprites/pokemon/424.png', 'Para comer, rompe nueces con sus dos colas. Raras veces utiliza sus brazos. Trabajan en grandes colonias y forman anillos uniendo sus colas, aparentemente en signo de amistad.', 0),
('425', 'Drifloon', 6, 18, 'https://raw.githubusercontent.com/PokeAPI/sprites/master/sprites/pokemon/425.png', 'Está formado por los espíritus de personas y Pokémon. Le encantan las estaciones húmedas. Agarra las manos de los niños para llevárselos, pero siempre acaba siendo arrastrado.', 0),
('426', 'Drifblim', 6, 18, 'https://raw.githubusercontent.com/PokeAPI/sprites/master/sprites/pokemon/426.png', 'Durante el día está somnoliento, pero por la noche sale volando en grupo, aunque nadie sabe adónde. Transporta a gente y Pokémon volando pero, como se deja llevar, puede acabar en cualquier sitio.', 0),
('427', 'Buneary', 11, null, 'https://raw.githubusercontent.com/PokeAPI/sprites/master/sprites/pokemon/427.png', 'Ataca a sus enemigos con un golpe rápido de sus orejas. Sus picotazos son muy dolorosos. Cuando siente peligro, levanta las orejas. En noches frías, duerme con la cabeza metida en el pelaje.', 0),
('428', 'Lopunny', 11, null, 'https://raw.githubusercontent.com/PokeAPI/sprites/master/sprites/pokemon/428.png', 'Es un Pokémon muy precavido. Si siente peligro, se envuelve con el pelaje de sus orejas. Se preocupa de su imagen y siempre se arregla las orejas. Corre dando saltos energéticos.', 0),
('429', 'Mismagius', 6, null, 'https://raw.githubusercontent.com/PokeAPI/sprites/master/sprites/pokemon/429.png', 'Sus gritos parecen cánticos. Los que los escuchan padecen migrañas y alucinaciones. Recita cánticos. Algunos de ellos atormentan a sus rivales, mientras que otros producen felicidad.', 0),
('430', 'Honchkrow', 15, 18, 'https://raw.githubusercontent.com/PokeAPI/sprites/master/sprites/pokemon/430.png', 'Está activo por la noche y pulula arrastrando a numerosos Murkrow. Sus amigos Murkrow le traen comida. Se dedica a holgazanear y acicalarse en su nido.', 0),
('431', 'Glameow', 11, null, 'https://raw.githubusercontent.com/PokeAPI/sprites/master/sprites/pokemon/431.png', 'Araña cuando está enfadado y ronronea cuando está cariñoso. Su imprevisibilidad es famosa. Hipnotiza ligeramente a sus enemigos con su mirada fija. Es impredecible.', 0),
('432', 'Purugly', 11, null, 'https://raw.githubusercontent.com/PokeAPI/sprites/master/sprites/pokemon/432.png', 'Es un bruto descarado que entra en el nido de cualquier Pokémon y se lo apropia. Para intimidar y parecer más corpulento, se aprieta la cintura con sus colas gemelas.', 0),
('433', 'Chingling', 13, null, 'https://raw.githubusercontent.com/PokeAPI/sprites/master/sprites/pokemon/433.png', 'Emite chillidos al agitar la esfera de su garganta. Se mueve con enérgicos saltos. Emite un zumbido cada vez que salta. Ensordece a sus rivales con sonidos de alta frecuencia.', 0),
('434', 'Stunky', 17, 15, 'https://raw.githubusercontent.com/PokeAPI/sprites/master/sprites/pokemon/434.png', 'Se protege expulsando un fluido nocivo por su parte trasera. El hedor dura 24 horas. Para repeler los ataques, produce un fluido maloliente en su parte posterior.', 0),
('435', 'Skuntank', 17, 15, 'https://raw.githubusercontent.com/PokeAPI/sprites/master/sprites/pokemon/435.png', 'Para atacar, emite un fluido maloliente por la punta de su cola que puede llegar a más de 50 m. Emite un fluido apestoso por la cola. Cuanto más tiempo pasa, peor huele.', 0),
('436', 'Bronzor', 1, 13, 'https://raw.githubusercontent.com/PokeAPI/sprites/master/sprites/pokemon/436.png', 'Se descubrieron herramientas con su forma en tumbas antiguas, pero se desconoce si tiene relación. Se intentó comprobar su estructura corporal mediante rayos X, pero no apareció nada.', 0),
('437', 'Bronzong', 1, 13, 'https://raw.githubusercontent.com/PokeAPI/sprites/master/sprites/pokemon/437.png', 'Se produjo un gran revuelo cuando encontraron uno en una obra después de 2000 años durmiendo. Puede conjurar nubes de lluvia. Hace tiempo, la gente creía que traía buenas cosechas.', 0),
('438', 'Bonsly', 14, null, 'https://raw.githubusercontent.com/PokeAPI/sprites/master/sprites/pokemon/438.png', 'Parece que siempre está llorando, pero en realidad está eliminando el exceso de fluidos corporales. Prefiere entornos áridos. Sus ojos expulsan agua para ajustar niveles de fluido corporal.', 0),
('439', 'Mime Jr.', 13, 8, 'https://raw.githubusercontent.com/PokeAPI/sprites/master/sprites/pokemon/439.png', 'Suele imitar a sus enemigos. Cuando lo hace, su rival no puede apartar los ojos de él. Le gusta los sitios donde se reúne gente. Imita a sus rivales para confundirlos y huir.', 0),
('440', 'Happiny', 11, null, 'https://raw.githubusercontent.com/PokeAPI/sprites/master/sprites/pokemon/440.png', 'Le encantan las cosas blancas y redondas. Imita a Chansey llevando una roca con forma de huevo. Les da a sus amigos una roca con forma de huevo que transporta en bolsa de su panza.', 0),
('441', 'Chatot', 18, 11, 'https://raw.githubusercontent.com/PokeAPI/sprites/master/sprites/pokemon/441.png', 'Pueden aprender y hablar lenguas humanas. Si se juntan, todos aprenden las mismas palabras. Mantiene el compás agitando las plumas de su cola como un metrónomo. Imita el habla humana.', 0),
('442', 'Spiritomb', 6, 15, 'https://raw.githubusercontent.com/PokeAPI/sprites/master/sprites/pokemon/442.png', 'Se formó a partir de 108 espíritus. Está unido a la fisura de una piedra angular mística. Como castigo por su fechoría 500 años atrás, está unido a la fisura de una piedra antigua mística.', 0),
('443', 'Gible', 4, 16, 'https://raw.githubusercontent.com/PokeAPI/sprites/master/sprites/pokemon/443.png', 'Anida en pequeños agujeros en las paredes de cuevas. Cuando una presa pasa cerca, salta hacia ella. Antes vivía en el trópico. Para evitar el frío, habita en cuevas calentadas por calor geotérmico.', 0),
('444', 'Gabite', 4, 16, 'https://raw.githubusercontent.com/PokeAPI/sprites/master/sprites/pokemon/444.png', 'Existe la arraigada creencia de que una medicina hecha de sus escamas puede curarlo todo. Suele buscar y acumular gemas en su nido. Su botín es objetivo constante de ladrones.', 0),
('445', 'Garchomp', 4, 16, 'https://raw.githubusercontent.com/PokeAPI/sprites/master/sprites/pokemon/445.png', 'Cuando despliega su cuerpo y sus alas, parece un avión a reacción. Vuela a velocidad sónica. Vuela tan rápido como un avión a reacción. Nunca se le escapa una presa.', 0),
('446', 'Munchlax', 11, null, 'https://raw.githubusercontent.com/PokeAPI/sprites/master/sprites/pokemon/446.png', 'Engulle su peso en comida una vez al dia. Se lo traga todo sin apenas masticar. Esconde comida bajo el largo pelo de su cuerpo, pero más tarde lo olvida.', 0),
('447', 'Riolu', 10, null, 'https://raw.githubusercontent.com/PokeAPI/sprites/master/sprites/pokemon/447.png', 'Su aura se intensifica para alertar a otros cuando está triste o tiene miedo. Su cuerpo es ágil pero fuerte. Puede subir tres montañas y cruzar dos cañones en una noche.', 0),
('448', 'Lucario', 10, 1, 'https://raw.githubusercontent.com/PokeAPI/sprites/master/sprites/pokemon/448.png', 'Puede sentir el aura de todas las cosas. Comprende el lenguaje humano. Puede leer los pensamientos de su adversario a través de su aura.', 0),
('449', 'Hippopotas', 16, null, 'https://raw.githubusercontent.com/PokeAPI/sprites/master/sprites/pokemon/449.png', 'Vive en zonas áridas. En lugar de sudar, su cuerpo expulsa granos de arena. Se embadurna de arena para protegerse de los gérmenes. No le gusta mojarse.', 0),
('450', 'Hippowdon', 16, null, 'https://raw.githubusercontent.com/PokeAPI/sprites/master/sprites/pokemon/450.png', 'Cuando ataca, expulsa arena almacenada en su interior para crear un gran tornado. Su enorme boca mide casi 2 m. Es tan fuerte que puede aplastar un coche por completo.', 0),
('451', 'Skorupi', 17, 3, 'https://raw.githubusercontent.com/PokeAPI/sprites/master/sprites/pokemon/451.png', 'Agarra a sus presas con las garras de la cola y les inyecta veneno. Espera hasta que hace efecto. Vive en zonas áridas. Se entierra en la arena y espera a que pase una presa confiada.', 0),
('452', 'Drapion', 17, 15, 'https://raw.githubusercontent.com/PokeAPI/sprites/master/sprites/pokemon/452.png', 'Sus brazos tienen fuerza para destrozar un coche. La punta de sus zarpas segrega veneno. Está dentro de una fuerte coraza. Su cabeza rota 180 grados para poder ver en todas direcciones.', 0),
('453', 'Croagunk', 17, 10, 'https://raw.githubusercontent.com/PokeAPI/sprites/master/sprites/pokemon/453.png', 'Tiene bolsas venenosas en las mejillas. Pilla desprevenidos a sus rivales para pincharles. Cuando infla sus bolas venenosas, emite un fuerte sonido para intimidar.', 0),
('454', 'Toxicroak', 17, 10, 'https://raw.githubusercontent.com/PokeAPI/sprites/master/sprites/pokemon/454.png', 'Sus garras segregan una toxina tan potente que un simple arañazo puede ser mortal. Sus bolsas venenosas almacenan una toxina que le llega a las garras por unos tubos como brazos.', 0),
('455', 'Carnivine', 12, null, 'https://raw.githubusercontent.com/PokeAPI/sprites/master/sprites/pokemon/455.png', 'Atrae a sus presas con saliva de olor dulce y las mastica. Tarda todo un día en comérselas. Se cuelga de las ramas con sus tentáculos y espera a sus presas con la boca abierta.', 0),
('456', 'Finneon', 2, null, 'https://raw.githubusercontent.com/PokeAPI/sprites/master/sprites/pokemon/456.png', 'Si se expone mucho al sol, los dibujos de sus aletas brillan en la oscuridad. Se le llama el "Beautifly del mar" por la forma en que se balancean sus dos aletas cuando nada.', 0),
('457', 'Lumineon', 2, null, 'https://raw.githubusercontent.com/PokeAPI/sprites/master/sprites/pokemon/457.png', 'Vive en las profundidades marinas. Atrae a sus presas con parpadeos del dibujo de sus cuatro aletas. Para que los depredadores no lo detecten, se arrastra por el fondo marino con las aletas del pecho.', 0),
('458', 'Mantyke', 2, 18, 'https://raw.githubusercontent.com/PokeAPI/sprites/master/sprites/pokemon/458.png', 'Un Pokémon amable que captura los débiles flujos de agua marina con sus dos antenas. Los científicos descubrieron que el característico diseño de su espalda varía según la región.', 0),
('459', 'Snover', 12, 9, 'https://raw.githubusercontent.com/PokeAPI/sprites/master/sprites/pokemon/459.png', 'Vive en montañas nevadas. Apenas tiene contacto con los humanos y es muy curioso. En primavera, le crecen las bayas con apariencia de helado alrededor de la panza.', 0),
('460', 'Abomasnow', 12, 9, 'https://raw.githubusercontent.com/PokeAPI/sprites/master/sprites/pokemon/460.png', 'Es el abominable hombre de las nieves. Produce ventiscas en las montañas cubiertas de nieve. Genera ventiscas con las que cubre de nieve grandes áreas. Se le llama "el monstruo de hielo".', 0),
('461', 'Weavile', 15, 9, 'https://raw.githubusercontent.com/PokeAPI/sprites/master/sprites/pokemon/461.png', 'Viven en zonas frías y forman grupos de cuatro o cinco para cazar con gran coordinación. Envía señales a otros esculpiendo dibujos extraños en la escarcha de los árboles y en el hielo.', 0),
('462', 'Magnezone', 5, 1, 'https://raw.githubusercontent.com/PokeAPI/sprites/master/sprites/pokemon/462.png', 'Evolucionó por la exposición a un campo magnético especial. Tres unidades generan magnetismo. Un grupo de investigadores intentó provocar su evolución por medios artificiales, pero fracasó.', 0),
('463', 'Lickilicky', 11, null, 'https://raw.githubusercontent.com/PokeAPI/sprites/master/sprites/pokemon/463.png', 'Agarra cosas con su lengua extensible. Si te acercas mucho, te deja lleno de babas. Su larga lengua está siempre llena de babas. El contacto con su saliva causa entumecimiento.', 0),
('464', 'Rhyperior', 16, 14, 'https://raw.githubusercontent.com/PokeAPI/sprites/master/sprites/pokemon/464.png', 'Pone rocas en los agujeros de sus manos y las lanza con los músculos. Pocas veces ataca a Geodude. Si tensa y expande los músculos muy rápido, puede disparar las rocas que tenga en la mano como misiles.', 0),
('465', 'Tangrowth', 12, null, 'https://raw.githubusercontent.com/PokeAPI/sprites/master/sprites/pokemon/465.png', 'Atrapa a su presa desplegando las ramas de sus brazos, que no le importa perder ante depredadores. Sus brazos están hechos de plantas que se agarran a las cosas. Si se le cortan, vuelven a crecer enseguida.', 0),
('466', 'Electivire', 5, null, 'https://raw.githubusercontent.com/PokeAPI/sprites/master/sprites/pokemon/466.png', 'Toca a su enemigo con las puntas de sus dos colas y les suelta una descarga de más de 20000 voltios. Ignora los ataques del enemigo y se acerca para clavarle las colas y darle una descarga de alto voltaje.', 0),
('467', 'Magmortar', 7, null, 'https://raw.githubusercontent.com/PokeAPI/sprites/master/sprites/pokemon/467.png', 'Sus brazos disparan bolas de fuego a más de 2000 grados. Vive en cráteres volcánicos. Cuando lanza sus bolas de fuego a 2000°, su cuerpo adquiere un tono blanquecino por el calor.', 0),
('468', 'Togekiss', 8, 18, 'https://raw.githubusercontent.com/PokeAPI/sprites/master/sprites/pokemon/468.png', 'Nunca aparece donde hay peleas. Últimamente no se deja ver muy a menudo. Congenia muy bien con las personas que respetan los derechos de los demás y evitan riñas innecesarias.', 0),
('469', 'Yanmega', 3, 18, 'https://raw.githubusercontent.com/PokeAPI/sprites/master/sprites/pokemon/469.png', 'Agita sus alas para crear ondas de choque que producen lesiones internas a sus rivales. Pasa volando a gran velocidad al lado de sus enemigos y los destroza con su potente mandíbula.', 0),
('470', 'Leafeon', 12, null, 'https://raw.githubusercontent.com/PokeAPI/sprites/master/sprites/pokemon/470.png', 'Al igual que una planta, hace la fotosíntesis. Como consecuencia, siempre está rodeado de aire puro. Prácticamente no combate. Sus células parecidas a las vegetales le permiten hacer la fotosíntesis.', 0),
('471', 'Glaceon', 9, null, 'https://raw.githubusercontent.com/PokeAPI/sprites/master/sprites/pokemon/471.png', 'Para protegerse, puede congelar completamente su pelaje, de modo que los pelos parecen agujas. Controla su temperatura corporal para congelar el ambiente y causar ráfagas de nieve en polvo.', 0),
('472', 'Gliscor', 16, 18, 'https://raw.githubusercontent.com/PokeAPI/sprites/master/sprites/pokemon/472.png', 'Espera a sus presas colgado de una rama bocabajo. Cuando llega su oportunidad, se lanza en picado. Si da con una corriente de aire buena, por mínima que sea, puede dar la vuelta al globo sin aletear.', 0),
('473', 'Mamoswine', 9, 16, 'https://raw.githubusercontent.com/PokeAPI/sprites/master/sprites/pokemon/473.png', 'Sus impresionantes colmillos están hechos de hielo. Su población se redujo tras la glaciación. Se encontró un ejemplar congelado hace 10 000 años en una excavación. ¡Y se despertó!', 0),
('474', 'Porygon-Z', 11, null, 'https://raw.githubusercontent.com/PokeAPI/sprites/master/sprites/pokemon/474.png', 'Se le instaló un software para mejorarlo. Sin embargo, comenzó a comportarse de manera extraña. Se modificó su programación para que pudiera trabajar en dimensiones alienígenas. Pero no funcionó.', 0),
('475', 'Gallade', 13, 10, 'https://raw.githubusercontent.com/PokeAPI/sprites/master/sprites/pokemon/475.png', 'Lucha con las espadas que salen de sus codos. Es un maestro de la cortesía y la esgrima. Cuando quiere proteger a alguien, extiende los codos como si fueran espadas y lucha con fiereza.', 0),
('476', 'Probopass', 14, 1, 'https://raw.githubusercontent.com/PokeAPI/sprites/master/sprites/pokemon/476.png', 'Emana un fuerte magnetismo. Controla tres pequeñas unidades llamadas Mini-Narices. Con el magnetismo que emana, controla tres pequeñas unidades llamadas Mini-Narices.', 0),
('477', 'Dusknoir', 6, null, 'https://raw.githubusercontent.com/PokeAPI/sprites/master/sprites/pokemon/477.png', 'La antena de la cabeza captura ondas de radio lejanas que le permiten secuestrar a gente. Se dice que recoge en su cuerpo flexible a los espíritus extraviados y los guía hasta casa.', 0),
('478', 'Froslass', 9, 6, 'https://raw.githubusercontent.com/PokeAPI/sprites/master/sprites/pokemon/478.png', 'Congela a sus enemigos con un aliento gélido de 50 grados bajo cero. Está hueco por dentro. Congela a sus presas con su aliento gélido de 50° bajo cero. Se dice que luego las expone.', 0),
('479', 'Rotom', 5, 6, 'https://raw.githubusercontent.com/PokeAPI/sprites/master/sprites/pokemon/479.png', 'Su cuerpo está hecho de plasma. Puede infiltrarse en dispositivos electrónicos e inutilizarlos. Con su cuerpo eléctrico puede infiltrarse en algunas máquinas para controlarlas y causar daños.', 0),
('480', 'Uxie', 13, null, 'https://raw.githubusercontent.com/PokeAPI/sprites/master/sprites/pokemon/480.png', 'Se le conoce como el "ser de la sabiduría". Se dice que puede borrar la memoria con una mirada. Se dice que su aparición otorgó a los humanos la inteligencia para mejorar sus vidas.', 1),
('481', 'Mesprit', 13, null, 'https://raw.githubusercontent.com/PokeAPI/sprites/master/sprites/pokemon/481.png', 'Se le conoce como el "ser de la emoción". Enseñó a los humanos lo nobleza del dolor y la alegría. Duerme en el fondo de un lago. Se dice que su espíritu deja el cuerpo para volar sobre el agua.', 1),
('482', 'Azelf', 13, null, 'https://raw.githubusercontent.com/PokeAPI/sprites/master/sprites/pokemon/482.png', 'Se le conoce como el "ser de la voluntad". Duerme en el fondo de un lago para equilibrar el mundo. Se cree que Uxie, Mesprit y Azelf provienen del mismo huevo.', 1),
('483', 'Dialga', 1, 4, 'https://raw.githubusercontent.com/PokeAPI/sprites/master/sprites/pokemon/483.png', 'Tiene el poder de controlar el tiempo. Aparece en los mitos de Sinnoh como una vieja deidad. Un Pokémon de leyenda. Se dice que el tiempo comenzó a avanzar cuando Dialga nació.', 1),
('484', 'Palkia', 2, 4, 'https://raw.githubusercontent.com/PokeAPI/sprites/master/sprites/pokemon/484.png', 'Tiene la habilidad de distorsionar el espacio. La mitología de Sinnoh lo describe como una deidad. Se dice que vive en una dimensión espacial paralela. Aparece en la mitología.', 1),
('485', 'Heatran', 7, 1, 'https://raw.githubusercontent.com/PokeAPI/sprites/master/sprites/pokemon/485.png', 'Habita cuevas volcánicas. Cava con sus pies en forma de cruz para trepar por techos y paredes. Su cuerpo es de rugoso acero, pero su propio calor corporal lo ha derretido en algunos puntos.', 0),
('486', 'Regigigas', 11, null, 'https://raw.githubusercontent.com/PokeAPI/sprites/master/sprites/pokemon/486.png', 'Una antigua leyenda afirma que este Pokémon arrastraba continentes con cuerdas. Se dice que usó rocas, magma y un hielo especial de montaña para crear Pokémon con su aspecto.', 1),
('487', 'Giratina', 6, 4, 'https://raw.githubusercontent.com/PokeAPI/sprites/master/sprites/pokemon/487.png', 'Se dice que vive en un mundo en el lado inverso del nuestro. Aparece en viejos cementerios. Fue desterrado por su violencia. Observa el mundo en silencio desde el Mundo Distorsión.', 1),
('488', 'Cresselia', 13, null, 'https://raw.githubusercontent.com/PokeAPI/sprites/master/sprites/pokemon/488.png', 'Sus alas emiten un velo de partículas brillantes. Se dice que representa un cuarto lunar. En las noches de media luna, la aurora de su cola se extiende y ondea más hermosa que nunca.', 0),
('489', 'Phione', 2, null, 'https://raw.githubusercontent.com/PokeAPI/sprites/master/sprites/pokemon/489.png', 'Vive en los mares cálidos. Infla el flotador de la cabeza para nadar en busca de comida. Va a la deriva por mares cálidos. Siempre vuelve a donde nació, por mucho que se haya alejado.', 0),
('490', 'Manaphy', 2, null, 'https://raw.githubusercontent.com/PokeAPI/sprites/master/sprites/pokemon/490.png', 'Nació en el frío fondo marino. Nada grandes distancias para regresar a su lugar de origen. Su cuerpo está compuesto en un 80% por agua. Le afecta considerablemente el entorno.', 1),
('491', 'Darkrai', 15, null, 'https://raw.githubusercontent.com/PokeAPI/sprites/master/sprites/pokemon/491.png', 'Puede adormecer a la gente y hacerla soñar. Está activo en las noches de luna nueva. Las historias populares cuentan que en las noches sin luna hace soñar pesadillas horribles.', 0),
('492', 'Shaymin', 12, null, 'https://raw.githubusercontent.com/PokeAPI/sprites/master/sprites/pokemon/492.png', 'Vive entre las flores. Para evitar ser descubierto, se enrosca como si fuera una planta. Puede disolver las toxinas del aire para transformar tierra yerma en campos de flores.', 1),
('493', 'Arceus', 11, null, 'https://raw.githubusercontent.com/PokeAPI/sprites/master/sprites/pokemon/493.png', 'La mitología lo describe como el Pokémon que dió forma al Universo con sus 1000 brazos. La mitología cuenta que este Pokémon nació antes de que el Universo existiera.', 1);

INSERT INTO `stats`(`id_pokemon`, `PS`, `ATK`, `DEF`, `VEL`, `ATK_ESP`, `DEF_ESP`) VALUES 
(1,45,49,49,45,65,65), 
(2,60,62,63,60,80,80), 
(3,80,82,83,80,100,100),
(4,39,52,43,65,60,50), 
(5,58,64,58,80,80,65), 
(6,78,84,78,100,109,85), 
(7,44,48,65,43,50,64), 
(8,59,63,80,58,65,80), 
(9,79,83,100,78,85,105),
(10,45,30,35,45,20,20), 
(11,50,20,55,30,25,25), 
(12,60,45,50,70,90,80), 
(13,40,35,30,50,20,20), 
(14,45,25,50,35,25,25), 
(15,65,90,40,75,45,80), 
(16,40,45,40,56,35,35), 
(17,63,60,55,71,50,50), 
(18,83,80,75,101,70,70), 
(19,30,56,35,72,25,35), 
(20,55,81,60,97,50,70), 
(21,40,60,30,70,31,31), 
(22,65,90,65,100,61,61), 
(23,35,60,44,55,40,54), 
(24,60,95,69,80,65,79), 
(25,35,55,40,90,50,50), 
(26,60,90,55,110,90,80), 
(27,50,75,85,40,20,30), 
(28,75,100,110,65,45,55), 
(29,55,47,52,41,40,40), 
(30,70,62,67,56,55,55), 
(31,90,92,87,76,75,85), 
(32,46,57,40,50,40,40), 
(33,61,72,57,65,55,55), 
(34,81,102,77,85,85,75), 
(35,70,45,48,35,60,65), 
(36,95,70,73,60,95,90), 
(37,38,41,40,65,50,65), 
(38,73,76,75,100,81,100),
(39,115,45,20,20,45,25), 
(40,140,70,45,45,85,50), 
(41,40,45,35,55,30,40), 
(42,75,80,70,90,65,75), 
(43,45,50,55,30,75,65), 
(44,60,65,70,40,85,75), 
(45,75,80,85,50,110,90), 
(46,35,70,55,25,45,55), 
(47,60,95,80,30,60,80), 
(48,60,55,50,45,40,55), 
(49,70,65,60,90,90,75), 
(50,10,55,25,95,35,45), 
(51,35,100,50,120,50,70), 
(52,40,45,35,90,40,40), 
(53,65,70,60,115,65,65), 
(54,50,52,48,55,65,50), 
(55,80,82,78,85,95,80), 
(56,40,80,35,70,35,45), 
(57,65,105,60,95,60,70), 
(58,55,70,45,60,70,50), 
(59,90,110,80,95,100,80), 
(60,40,50,40,90,40,40), 
(61,65,65,65,90,50,50), 
(62,90,95,95,70,70,90), 
(63,25,20,15,90,105,55), 
(64,40,35,30,105,120,70), 
(65,55,50,45,120,135,95), 
(66,70,80,50,35,35,35), 
(67,80,100,70,45,50,60), 
(68,90,130,80,55,65,85), 
(69,50,75,35,40,70,30), 
(70,65,90,50,55,85,45), 
(71,80,105,65,70,100,70), 
(72,40,40,35,70,50,100),
(73,80,70,65,100,80,120),
(74,40,80,100,20,30,30), 
(75,55,95,115,35,45,45), 
(76,80,120,130,45,55,65), 
(77,50,85,55,90,65,65), 
(78,65,100,70,105,80,80), 
(79,90,65,65,15,40,40), 
(80,95,75,110,30,100,80), 
(81,25,35,70,45,95,55), 
(82,50,60,95,70,120,70), 
(83,52,90,55,60,58,62),
(84,35,85,45,75,35,35), 
(85,60,110,70,110,60,60), 
(86,65,45,55,45,45,70), 
(87,90,70,80,70,70,95), 
(88,80,80,50,25,40,50), 
(89,105,105,75,50,65,100),
(90,30,65,100,40,45,25), 
(91,50,95,180,70,85,45), 
(92,30,35,30,80,100,35), 
(93,45,50,45,95,115,55), 
(94,60,65,60,110,130,75), 
(95,35,45,160,70,30,45), 
(96,60,48,45,42,43,90), 
(97,85,73,70,67,73,115),
(98,30,105,90,50,25,25), 
(99,55,130,115,75,50,50), 
(100,40,30,50,100,55,55), 
(101,60,50,70,150,80,80), 
(102,60,40,80,40,60,45), 
(103,95,95,85,55,125,75), 
(104,50,50,95,35,40,50), 
(105,60,80,110,45,50,80), 
(106,50,120,53,87,35,110),
(107,50,105,79,76,35,110),
(108,90,55,75,30,60,75), 
(109,40,65,95,35,60,45), 
(110,65,90,120,60,85,70), 
(111,80,85,95,25,30,30), 
(112,105,130,120,40,45,45), 
(113,250,5,5,50,35,105),
(114,65,55,115,60,100,40), 
(115,105,95,80,90,40,80), 
(116,30,40,70,60,70,25), 
(117,55,65,95,85,95,45), 
(118,45,67,60,63,35,50), 
(119,80,92,65,68,65,80), 
(120,30,45,55,85,70,55), 
(121,60,75,85,115,100,85), 
(122,40,45,65,90,100,120),
(123,70,110,80,105,55,80), 
(124,65,50,35,95,115,95), 
(125,65,83,57,105,95,85), 
(126,65,95,57,93,100,85), 
(127,65,125,100,85,55,70), 
(128,75,100,95,110,40,70), 
(129,20,10,55,80,15,20), 
(130,95,125,79,81,60,100),
(131,130,85,80,60,85,95), 
(132,48,48,48,48,48,48), 
(133,55,55,50,55,45,65), 
(134,130,65,60,65,110,95), 
(135,65,65,60,130,110,95), 
(136,65,130,60,65,95,110),
(137,65,60,70,40,85,75), 
(138,35,40,100,35,90,55), 
(139,70,60,125,55,115,70), 
(140,30,80,90,55,55,45), 
(141,60,115,105,80,65,70), 
(142,80,105,65,130,60,75), 
(143,160,110,65,30,65,110),
(144,90,85,100,85,95,125),
(145,90,90,85,100,125,90), 
(146,90,100,90,90,125,85), 
(147,41,64,45,50,50,50), 
(148,61,84,65,70,70,70), 
(149,91,134,95,80,100,100),
(150,106,110,90,130,154,90), 
(151,100,100,100,100,100,100),
(152,45,49,65,45,49,65), 
(153,60,62,80,60,63,80), 
(154,80,82,100,80,83,100),
(155,39,52,43,65,60,50), 
(156,58,64,58,80,80,65), 
(157,78,84,78,100,109,85), 
(158,50,65,64,43,44,48), 
(159,65,80,80,58,59,63), 
(160,85,105,100,78,79,83), 
(161,35,46,34,20,35,45), 
(162,85,76,64,90,45,55), 
(163,60,30,30,50,36,56), 
(164,100,50,50,70,86,96), 
(165,40,20,30,55,40,80), 
(166,55,35,50,85,55,110),
(167,40,60,40,30,40,40), 
(168,70,90,70,40,60,70), 
(169,85,90,80,130,70,80), 
(170,75,38,38,67,56,56), 
(171,125,58,58,67,76,76), 
(172,20,40,15,60,35,35), 
(173,50,25,28,15,45,55), 
(174,90,30,15,15,40,20), 
(175,35,20,65,20,40,65), 
(176,55,40,85,40,80,105),
(177,40,50,45,70,70,45), 
(178,65,75,70,95,95,70), 
(179,55,40,40,35,65,45), 
(180,70,55,55,45,80,60), 
(181,90,75,85,55,115,90), 
(182,75,80,95,50,90,100),
(183,70,20,50,40,20,50), 
(184,100,50,80,50,60,80), 
(185,70,100,115,30,30,65), 
(186,90,75,75,70,90,100),
(187,35,35,40,50,35,55), 
(188,55,45,50,80,45,65), 
(189,75,55,70,110,55,95), 
(190,55,70,55,85,40,55), 
(191,30,30,30,30,30,30), 
(192,75,75,55,30,105,85), 
(193,65,65,45,95,75,45), 
(194,55,45,45,15,25,25), 
(195,95,85,85,35,65,65), 
(196,65,65,60,110,130,95), 
(197,95,65,110,65,60,130),
(198,60,85,42,91,85,42), 
(199,95,75,80,30,100,110),
(200,60,60,60,85,85,85), 
(201,48,72,48,48,72,48), 
(202,190,33,58,33,33,58), 
(203,70,80,65,85,90,65), 
(204,50,65,90,15,35,35), 
(205,75,90,140,40,60,60), 
(206,100,70,70,45,65,65), 
(207,65,75,105,85,35,65), 
(208,75,85,200,30,55,65), 
(209,60,80,50,30,40,40), 
(210,90,120,75,45,60,60), 
(211,65,95,85,85,55,55), 
(212,70,130,100,65,55,80), 
(213,20,10,230,5,10,230),
(214,80,125,75,85,40,95), 
(215,55,95,55,115,35,75), 
(216,60,80,50,40,50,50), 
(217,90,130,75,55,75,75), 
(218,40,40,40,20,70,40), 
(219,60,50,120,30,90,80), 
(220,50,50,40,50,30,30), 
(221,100,100,80,50,60,60), 
(222,65,55,95,35,65,95), 
(223,35,65,35,65,65,35), 
(224,75,105,75,45,105,75), 
(225,45,55,45,75,65,45), 
(226,85,40,70,70,80,140),
(227,65,80,140,70,40,70), 
(228,45,60,30,65,80,50), 
(229,75,90,50,95,110,80), 
(230,75,95,95,85,95,95), 
(231,90,60,60,40,40,40), 
(232,90,120,120,50,60,60), 
(233,85,80,90,60,105,95), 
(234,73,95,62,85,85,65), 
(235,55,20,35,75,20,45), 
(236,35,35,35,35,35,35), 
(237,50,95,95,70,35,110),
(238,45,30,15,65,85,65), 
(239,45,63,37,95,65,55), 
(240,45,75,37,83,70,55), 
(241,95,80,105,100,40,70), 
(242,255,10,10,55,75,135),
(243,90,85,75,115,115,100),
(244,115,115,85,100,90,75), 
(245,100,75,115,85,90,115),
(246,50,64,50,41,45,50), 
(247,70,84,70,51,65,70), 
(248,100,134,110,61,95,100),
(249,106,90,130,110,90,154),
(250,106,130,90,90,110,154),
(251,100,100,100,100,100,100),
(252,40,45,35,70,65,55), 
(253,50,65,45,95,85,65), 
(254,70,85,65,120,105,85), 
(255,45,60,40,45,70,50), 
(256,60,85,60,55,85,60), 
(257,80,120,70,80,110,70), 
(258,50,70,50,40,50,50), 
(259,70,85,70,50,60,70), 
(260,100,110,90,60,85,90), 
(261,35,55,35,35,30,30), 
(262,70,90,70,70,60,60), 
(263,38,30,41,60,30,41), 
(264,78,70,61,100,50,61), 
(265,45,45,35,20,20,30), 
(266,50,35,55,15,25,25), 
(267,60,70,50,65,100,50), 
(268,50,35,55,15,25,25), 
(269,60,50,70,65,50,90), 
(270,40,30,30,30,40,50), 
(271,60,50,50,50,60,70), 
(272,80,70,70,70,90,100),
(273,40,40,50,30,30,30), 
(274,70,70,40,60,60,40), 
(275,90,100,60,80,90,60), 
(276,40,55,30,85,30,30), 
(277,60,85,60,125,75,50), 
(278,40,30,30,85,55,30), 
(279,60,50,100,65,95,70), 
(280,28,25,25,40,45,35), 
(281,38,35,35,50,65,55), 
(282,68,65,65,80,125,115),
(283,40,30,32,65,50,52), 
(284,70,60,62,80,100,82), 
(285,60,40,60,35,40,60), 
(286,60,130,80,70,60,60), 
(287,60,60,60,30,35,35), 
(288,80,80,80,90,55,55), 
(289,150,160,100,100,95,65), 
(290,31,45,90,40,30,30), 
(291,61,90,45,160,50,50), 
(292,1,90,45,40,30,30), 
(293,64,51,23,28,51,23), 
(294,84,71,43,48,71,43), 
(295,104,91,63,68,91,73), 
(296,72,60,30,25,20,30), 
(297,144,120,60,50,40,60), 
(298,50,20,40,20,20,40), 
(299,30,45,135,30,45,90), 
(300,50,45,45,50,35,35), 
(301,70,65,65,90,55,55), 
(302,50,75,75,50,65,65), 
(303,50,85,85,50,55,55), 
(304,50,70,100,30,40,40), 
(305,60,90,140,40,50,50), 
(306,70,110,180,50,60,60), 
(307,30,40,55,60,40,55), 
(308,60,60,75,80,60,75), 
(309,40,45,40,65,65,40), 
(310,70,75,60,105,105,60), 
(311,60,50,40,95,85,75), 
(312,60,40,50,95,75,85), 
(313,65,73,75,85,47,85), 
(314,65,47,75,85,73,85), 
(315,50,60,45,65,100,80), 
(316,70,43,53,40,43,53), 
(317,100,73,83,55,73,83), 
(318,45,90,20,65,65,20), 
(319,70,120,40,95,95,40), 
(320,130,70,35,60,70,35), 
(321,170,90,45,60,90,45), 
(322,60,60,40,35,65,45), 
(323,70,100,70,40,105,75), 
(324,70,85,140,20,85,70), 
(325,60,25,35,60,70,80), 
(326,80,45,65,80,90,110),
(327,60,60,60,60,60,60), 
(328,45,100,45,10,45,45), 
(329,50,70,50,70,50,50), 
(330,80,100,80,100,80,80), 
(331,50,85,40,35,85,40), 
(332,70,115,60,55,115,60), 
(333,45,40,60,50,40,75), 
(334,75,70,90,80,70,105),
(335,73,115,60,90,60,60), 
(336,73,100,60,65,100,60), 
(337,90,55,65,70,95,85), 
(338,90,95,85,70,55,65), 
(339,50,48,43,60,46,41), 
(340,110,78,73,60,76,71), 
(341,43,80,65,35,50,35), 
(342,63,120,85,55,90,55), 
(343,40,40,55,55,40,70), 
(344,60,70,105,75,70,120),
(345,66,41,77,23,61,87), 
(346,86,81,97,43,81,107),
(347,45,95,50,75,40,50), 
(348,75,125,100,45,70,80), 
(349,20,15,20,80,10,55), 
(350,95,60,79,81,100,125),
(351,70,70,70,70,70,70), 
(352,60,90,70,40,60,120),
(353,44,75,35,45,63,33), 
(354,64,115,65,65,83,63), 
(355,20,40,90,25,30,90), 
(356,40,70,130,25,60,130),
(357,99,68,83,51,72,87), 
(358,75,50,80,65,95,90), 
(359,65,130,60,75,75,60), 
(360,95,23,48,23,23,48), 
(361,50,50,50,50,50,50), 
(362,80,80,80,80,80,80), 
(363,70,40,50,25,55,50), 
(364,90,60,70,45,75,70), 
(365,110,80,90,65,95,90), 
(366,35,64,85,32,74,55), 
(367,55,104,105,52,94,75), 
(368,55,84,105,52,114,75), 
(369,100,90,130,55,45,65), 
(370,43,30,55,97,40,65), 
(371,45,75,60,50,40,30), 
(372,65,95,100,50,60,50), 
(373,95,135,80,100,110,80), 
(374,40,55,80,30,35,60), 
(375,60,75,100,50,55,80), 
(376,80,135,130,70,95,90), 
(377,80,100,200,50,50,100),
(378,80,50,100,50,100,200),
(379,80,75,150,50,75,150),
(380,80,80,90,110,110,130),
(381,80,90,80,110,130,110),
(382,100,100,90,90,150,140),
(383,100,150,140,90,100,90), 
(384,105,150,90,95,150,90), 
(385,100,100,100,100,100,100),
(386,50,150,50,150,150,50), 
(387,55,68,64,31,45,55), 
(388,75,89,85,36,55,65), 
(389,95,109,105,56,75,85), 
(390,44,58,44,61,58,44), 
(391,64,78,52,81,78,52), 
(392,76,104,71,108,104,71), 
(393,53,51,53,40,61,56), 
(394,64,66,68,50,81,76), 
(395,84,86,88,60,111,101),
(396,40,55,30,60,30,30), 
(397,55,75,50,80,40,40), 
(398,85,120,70,100,50,60), 
(399,59,45,40,31,35,40), 
(400,79,85,60,71,55,60), 
(401,37,25,41,25,25,41), 
(402,77,85,51,65,55,51), 
(403,45,65,34,45,40,34), 
(404,60,85,49,60,60,49), 
(405,80,120,79,70,95,79), 
(406,40,30,35,55,50,70), 
(407,60,70,65,90,125,105),
(408,67,125,40,58,30,30), 
(409,97,165,60,58,65,50), 
(410,30,42,118,30,42,88), 
(411,60,52,168,30,47,138),
(412,40,29,45,36,29,45), 
(413,60,59,85,36,79,105),
(414,70,94,50,66,94,50), 
(415,30,30,42,70,30,42), 
(416,70,80,102,40,80,102),
(417,60,45,70,95,45,90), 
(418,55,65,35,85,60,30), 
(419,85,105,55,115,85,50), 
(420,45,35,45,35,62,53), 
(421,70,60,70,85,87,78), 
(422,76,48,48,34,57,62), 
(423,111,83,68,39,92,82), 
(424,75,100,66,115,60,66), 
(425,90,50,34,70,60,44), 
(426,150,80,44,80,90,54), 
(427,55,66,44,85,44,56), 
(428,65,76,84,105,54,96), 
(429,60,60,60,105,105,105),
(430,100,125,52,71,105,52), 
(431,49,55,42,85,42,37), 
(432,71,82,64,112,64,59), 
(433,45,30,50,45,65,50), 
(434,63,63,47,74,41,41), 
(435,103,93,67,84,71,61), 
(436,57,24,86,23,24,86), 
(437,67,89,116,33,79,116),
(438,50,80,95,10,10,45), 
(439,20,25,45,60,70,90), 
(440,100,5,5,30,15,65), 
(441,76,65,45,91,92,42), 
(442,50,92,108,35,92,108),
(443,58,70,45,42,40,45), 
(444,68,90,65,82,50,55), 
(445,108,130,95,102,80,85), 
(446,135,85,40,5,40,85), 
(447,40,70,40,60,35,40), 
(448,70,110,70,90,115,70), 
(449,68,72,78,32,38,42), 
(450,108,112,118,47,68,72), 
(451,40,50,90,65,30,55), 
(452,70,90,110,95,60,75), 
(453,48,61,40,50,61,40), 
(454,83,106,65,85,86,65), 
(455,74,100,72,46,90,72), 
(456,49,49,56,66,49,61), 
(457,69,69,76,91,69,86), 
(458,45,20,50,50,60,120),
(459,60,62,50,40,62,60), 
(460,90,92,75,60,92,85), 
(461,70,120,65,125,45,85), 
(462,70,70,115,60,130,90), 
(463,110,85,95,50,80,95), 
(464,115,140,130,40,55,55), 
(465,100,100,125,50,110,50), 
(466,75,123,67,95,95,85), 
(467,75,95,67,83,125,95), 
(468,85,50,95,80,120,115),
(469,86,76,86,95,116,56), 
(470,65,110,130,95,60,65), 
(471,65,60,110,65,130,95), 
(472,75,95,125,95,45,75), 
(473,110,130,80,80,70,60), 
(474,85,80,70,90,135,75), 
(475,68,125,65,80,65,115),
(476,60,55,145,40,75,150),
(477,45,100,135,45,65,135),
(478,70,80,70,110,80,70), 
(479,50,50,77,91,95,77), 
(480,75,75,130,95,75,130),
(481,80,105,105,80,105,105),
(482,75,125,70,115,125,70), 
(483,100,120,120,90,150,100),
(484,90,120,100,100,150,120),
(485,91,90,106,77,130,106),
(486,110,160,110,100,80,110),
(487,150,100,120,90,100,120),
(488,120,70,120,85,75,130),
(489,80,80,80,80,80,80), 
(490,100,100,100,100,100,100),
(491,70,90,90,125,135,90), 
(492,100,100,100,100,100,100),
(493,120,120,120,120,120,120);